Game Reference Key,Notes,Displayed Text,Alternate Text,Frequency,Requires Suffix,Misc.
[The key used by the game to find strings],"[Not loaded into the game, for explanation only]",[The displayed string in-game],"[Alternate displayed string, eg. Nickname]",[For lists],[Does this require a suffix for naming?],[Miscellaneous]
â€” ,â€” ,â€” ,â€” ,â€” ,â€” ,â€” 
alana,,Alana,,1,,5/9/2022 11:48
hale,,Hale,,1,,5/9/2022 11:48
hekekia,,Hekekia,,1,,5/9/2022 11:48
iona,,Iona,,1,,5/9/2022 11:48
iosua,,Iosua,,1,,5/9/2022 11:48
kahale,,Kahale,,1,,5/9/2022 11:48
kahananui,,Kahananui,,1,,5/9/2022 11:48
kahele,,Kahele,,1,,5/9/2022 11:48
kahue,,Kahue,,1,,5/9/2022 11:48
kaiwi,,Kaiwi,,1,,5/9/2022 11:48
kalama,,Kalama,,1,,5/9/2022 11:48
kalani,,Kalani,,1,,5/9/2022 11:48
kalawaia,,Kalawaia,,1,,5/9/2022 11:48
kalili,,Kalili,,1,,5/9/2022 11:48
kalua,,Kalua,,1,,5/9/2022 11:48
kama,,Kama,,1,,5/9/2022 11:48
kamaka,,Kamaka,,1,,5/9/2022 11:48
kamealoha,,Kamealoha,,1,,5/9/2022 11:48
kane,,Kane,,1,,5/9/2022 11:48
kapule,,Kapule,,1,,5/9/2022 11:48
kawai,,Kawai,,1,,5/9/2022 11:48
ka'aukai,,Ka'aukai,,1,,5/9/2022 11:48
ka'uhane,,Ka'uhane,,1,,5/9/2022 11:48
keahi,,Keahi,,1,,5/9/2022 11:48
kealoha,,Kealoha,,1,,5/9/2022 11:48
keawe,,Keawe,,1,,5/9/2022 11:48
kekoa,,Kekoa,,1,,5/9/2022 11:48
kelekolio,,Kelekolio,,1,,5/9/2022 11:48
keli'i,,Keli'i,,1,,5/9/2022 11:48
mahelona,,Mahelona,,1,,5/9/2022 11:48
mahi'ai,,Mahi'ai,,1,,5/9/2022 11:48
mahoe,,Mahoe,,1,,5/9/2022 11:48
palakiko,,Palakiko,,1,,5/9/2022 11:48
kumar,,Kumar,,1,,5/17/2024 14:14
prasad,,Prasad,,1,,5/17/2024 14:14
chand,,Chand,,1,,5/17/2024 14:14
singh,,Singh,,1,,5/17/2024 14:14
lal,,Lal,,1,,5/17/2024 14:14
sharma,,Sharma,,1,,5/17/2024 14:14
narayan,,Narayan,,1,,5/17/2024 14:14
khan,,Khan,,1,,5/17/2024 14:14
ali,,Ali,,1,,5/17/2024 14:14
devi,,Devi,,1,,5/17/2024 14:14
ram,,Ram,,1,,5/17/2024 14:14
naidu,,Naidu,,1,,5/17/2024 14:14
chandra,,Chandra,,1,,5/17/2024 14:14
nand,,Nand,,1,,5/17/2024 14:14
lata,,Lata,,1,,5/17/2024 14:14
deo,,Deo,,1,,5/17/2024 14:14
reddy,,Reddy,,1,,5/17/2024 14:14
prakash,,Prakash,,1,,5/17/2024 14:14
raj,,Raj,,1,,5/17/2024 14:14
maharaj,,Maharaj,,1,,5/17/2024 14:14
waqa,,Waqa,,1,,5/17/2024 14:14
goundar,,Goundar,,1,,5/17/2024 14:14
aguon,,Aguon,,1,,5/17/2024 14:14
atururi,,Atururi,,1,,5/17/2024 14:14
babauta,,Babauta,,1,,5/17/2024 14:14
brial,,Brial,,1,,5/17/2024 14:14
dowiyogo,,Dowiyogo,,1,,5/17/2024 14:14
faupala,,Faupala,,1,,5/17/2024 14:14
isaako,,Isaako,,1,,5/17/2024 14:14
iupati,,Iupati,,1,,5/17/2024 14:14
katoatau,,Katoatau,,1,,5/17/2024 14:14
kogoya,,Kogoya,,1,,5/17/2024 14:14
latasi,,Latasi,,1,,5/17/2024 14:14
maefai,,Maefai,,1,,5/17/2024 14:14
mandacan,,Mandacan,,1,,5/17/2024 14:14
mandowen,,Mandowen,,1,,5/17/2024 14:14
mapou,,Mapou,,1,,5/17/2024 14:14
napaljarri,,Napaljarri,,1,,5/17/2024 14:14
numberi,,Numberi,,1,,5/17/2024 14:14
pahabol,,Pahabol,,1,,5/17/2024 14:14
pangelinan,,Pangelinan,,1,,5/17/2024 14:14
pihigia,,Pihigia,,1,,5/17/2024 14:14
reklai,,Reklai,,1,,5/17/2024 14:14
remengesau,,Remengesau,,1,,5/17/2024 14:14
rudimch,,Rudimch,,1,,5/17/2024 14:14
rumkabu,,Rumkabu,,1,,5/17/2024 14:14
shmull,,Shmull,,1,,5/17/2024 14:14
taofifénua,,Taofifénua,,1,,5/17/2024 14:14
teriipaia,,Teriipaia,,1,,5/17/2024 14:14
tui,,Tui,,1,,5/17/2024 14:14
vahirua,,Vahirua,,1,,5/17/2024 14:14
wanggai,,Wanggai,,1,,5/17/2024 14:14
womsiwor,,Womsiwor,,1,,5/17/2024 14:14
nainima,,Nainima,,1,,5/17/2024 14:14
cavubati,,Cavubati,,1,,5/17/2024 14:14
naevo,,Naevo,,1,,5/17/2024 14:14
nagata,,Nagata,,1,,5/17/2024 14:14
naiqama,,Naiqama,,1,,5/17/2024 14:14
naituku,,Naituku,,1,,5/17/2024 14:14
qoro,,Qoro,,1,,5/17/2024 14:14
rauluni,,Rauluni,,1,,5/17/2024 14:14
tuidraki,,Tuidraki,,1,,5/17/2024 14:14
tuilevu,,Tuilevu,,1,,5/17/2024 14:14
turagabeci,,Turagabeci,,1,,5/17/2024 14:14
vakalalabure,,Vakalalabure,,1,,5/17/2024 14:14
vatubua,,Vatubua,,1,,5/17/2024 14:14
volavola,,Volavola,,1,,5/17/2024 14:14
yabaki,,Yabaki,,1,,5/17/2024 14:14
harawira,,Harawira,,1,,5/17/2024 14:14
henare,,Henare,,1,,5/17/2024 14:14
hira,,Hira,,1,,5/17/2024 14:14
hohepa,,Hohepa,,1,,5/17/2024 14:14
ngata,,Ngata,,1,,5/17/2024 14:14
parata,,Parata,,1,,5/17/2024 14:14
pewhairangi,,Pewhairangi,,1,,5/17/2024 14:14
rewi,,Rewi,,1,,5/17/2024 14:14
taumata,,Taumata,,1,,5/17/2024 14:14
te wiata,,Te Wiata,,1,,5/17/2024 14:14
tipene,,Tipene,,1,,5/17/2024 14:14
waerea,,Waerea,,1,,5/17/2024 14:14
waititi,,Waititi,,1,,5/17/2024 14:14
watene,,Watene,,1,,5/17/2024 14:14
wetere,,Wetere,,1,,5/17/2024 14:14
loeak,,Loeak,,1,,5/17/2024 14:14
kabua,,Kabua,,1,,5/17/2024 14:14
abaijah,,Abaijah,,1,,5/17/2024 14:14
fepuleai,,Fepuleai,,1,,5/17/2024 14:14
vaai,,Vaai,,1,,5/17/2024 14:14
aaitui,,Aaitui,,1,,5/17/2024 14:14
alaalatoa,,Alaalatoa,,1,,5/17/2024 14:14
anae,,Anae,,1,,5/17/2024 14:14
auva'a,,Auva'a,,1,,5/17/2024 14:14
faamausili,,Faamausili,,1,,5/17/2024 14:14
fatialofa,,Fatialofa,,1,,5/17/2024 14:14
fuamatu,,Fuamatu,,1,,5/17/2024 14:14
laulala,,Laulala,,1,,5/17/2024 14:14
lealamanua,,Lealamanua,,1,,5/17/2024 14:14
leuluai,,Leuluai,,1,,5/17/2024 14:14
maivia,,Maivia,,1,,5/17/2024 14:14
masoe,,Masoe,,1,,5/17/2024 14:14
muagututia,,Muagututia,,1,,5/17/2024 14:14
nu'uausala,,Nu'uausala,,1,,5/17/2024 14:14
palamo,,Palamo,,1,,5/17/2024 14:14
palepoi,,Palepoi,,1,,5/17/2024 14:14
salavea,,Salavea,,1,,5/17/2024 14:14
savea,,Savea,,1,,5/17/2024 14:14
taufua,,Taufua,,1,,5/17/2024 14:14
tuiasosopo,,Tuiasosopo,,1,,5/17/2024 14:14
tuivasa,,Tuivasa,,1,,5/17/2024 14:14
fifita,,Fifita,,1,,5/17/2024 14:14
finau,,Finau,,1,,5/17/2024 14:14
fonua,,Fonua,,1,,5/17/2024 14:14
latu,,Latu,,1,,5/17/2024 14:14
mafi,,Mafi,,1,,5/17/2024 14:14
moala,,Moala,,1,,5/17/2024 14:14
tupou,,Tupou,,1,,5/17/2024 14:14
afeaki,,Afeaki,,1,,5/17/2024 14:14
alatini,,Alatini,,1,,5/17/2024 14:14
fainga'a,,Fainga'a,,1,,5/17/2024 14:14
faletau,,Faletau,,1,,5/17/2024 14:14
folau,,Folau,,1,,5/17/2024 14:14
foliaki,,Foliaki,,1,,5/17/2024 14:14
havili,,Havili,,1,,5/17/2024 14:14
hopoate,,Hopoate,,1,,5/17/2024 14:14
kaufusi,,Kaufusi,,1,,5/17/2024 14:14
latukefu,,Latukefu,,1,,5/17/2024 14:14
liava'a,,Liava'a,,1,,5/17/2024 14:14
lomu,,Lomu,,1,,5/17/2024 14:14
mataele,,Mataele,,1,,5/17/2024 14:14
naufahu,,Naufahu,,1,,5/17/2024 14:14
taumalolo,,Taumalolo,,1,,5/17/2024 14:14
taumoepeau,,Taumoepeau,,1,,5/17/2024 14:14
tonga'uiha,,Tonga'uiha,,1,,5/17/2024 14:14
tupouniua,,Tupouniua,,1,,5/17/2024 14:14
vahafolau,,Vahafolau,,1,,5/17/2024 14:14
vainikolo,,Vainikolo,,1,,5/17/2024 14:14
vatuvei,,Vatuvei,,1,,5/17/2024 14:14
veikune,,Veikune,,1,,5/17/2024 14:14
hasegawa,,Hasegawa,,1,,5/17/2024 14:14
kalawai'a,,Kalawai'a,,1,,5/17/2024 14:14
kini,,Kini,,1,,5/17/2024 14:14
momoa,,Momoa,,1,,5/17/2024 14:14
kahanamoku,,Kahanamoku,,1,,5/17/2024 14:14
pe'a,,Pe'a,,1,,5/17/2024 14:14
kamakawiwo'ole,,Kamakawiwo'ole,,1,,5/17/2024 14:14
aholelei,,Aholelei,,1,,5/17/2024 14:14
akana,,Akana,,1,,5/17/2024 14:14
akau,,Akau,,1,,5/17/2024 14:14
akau'ola,,Akau'ola,,1,,5/17/2024 14:14
akiona,,Akiona,,1,,5/17/2024 14:14
anewy,,Anewy,,1,,5/17/2024 14:14
aoao,,Aoao,,1,,5/17/2024 14:14
apa,,Apa,,1,,5/17/2024 14:14
aperahama,,Aperahama,,1,,5/17/2024 14:14
apioktoa,,Apioktoa,,1,,5/17/2024 14:14
atan,,Atan,,1,,5/17/2024 14:14
ausage,,Ausage,,1,,5/17/2024 14:14
avelino,,Avelino,,1,,5/17/2024 14:14
beeber,,Beeber,,1,,5/17/2024 14:14
ey,,Ey,,1,,5/17/2024 14:14
fainu,,Fainu,,1,,5/17/2024 14:14
fakahokotau,,Fakahokotau,,1,,5/17/2024 14:14
faleafa,,Faleafa,,1,,5/17/2024 14:14
faletutulu,,Faletutulu,,1,,5/17/2024 14:14
fangupo,,Fangupo,,1,,5/17/2024 14:14
fatafehi,,Fatafehi,,1,,5/17/2024 14:14
fotuaika,,Fotuaika,,1,,5/17/2024 14:14
fualalo,,Fualalo,,1,,5/17/2024 14:14
fuimaono,,Fuimaono,,1,,5/17/2024 14:14
fukofuka,,Fukofuka,,1,,5/17/2024 14:14
halaholo,,Halaholo,,1,,5/17/2024 14:14
halapio,,Halapio,,1,,5/17/2024 14:14
hauata,,Hauata,,1,,5/17/2024 14:14
haumono,,Haumono,,1,,5/17/2024 14:14
haupeakui,,Haupeakui,,1,,5/17/2024 14:14
hingano,,Hingano,,1,,5/17/2024 14:14
hoapili,,Hoapili,,1,,5/17/2024 14:14
hoopii,,Hoopii,,1,,5/17/2024 14:14
hoopiiaina,,Hoopiiaina,,1,,5/17/2024 14:14
horomona,,Horomona,,1,,5/17/2024 14:14
ihimaera,,Ihimaera,,1,,5/17/2024 14:14
ikahihifo,,Ikahihifo,,1,,5/17/2024 14:14
ikaika,,Ikaika,,1,,5/17/2024 14:14
ikilei,,Ikilei,,1,,5/17/2024 14:14
ioane,,Ioane,,1,,5/17/2024 14:14
kaaka,,Kaaka,,1,,5/17/2024 14:14
kahinu,,Kahinu,,1,,5/17/2024 14:14
kahuila,,Kahuila,,1,,5/17/2024 14:14
kainoa,,Kainoa,,1,,5/17/2024 14:14
kalaniuvalu,,Kalaniuvalu,,1,,5/17/2024 14:14
kamalani,,Kamalani,,1,,5/17/2024 14:14
kareama,,Kareama,,1,,5/17/2024 14:14
kauanoeanuhea,,Kauanoeanuhea,,1,,5/17/2024 14:14
kauhane,,Kauhane,,1,,5/17/2024 14:14
kawana,,Kawana,,1,,5/17/2024 14:14
keala,,Keala,,1,,5/17/2024 14:14
keihanaikukauakahihuliheekahaunaele,,Keihanaikukauakahihuliheekahaunaele,,1,,5/17/2024 14:14
keikilawa,,Keikilawa,,1,,5/17/2024 14:14
koloamatangi,,Koloamatangi,,1,,5/17/2024 14:14
laei,,Laei,,1,,5/17/2024 14:14
lahela,,Lahela,,1,,5/17/2024 14:14
lee,,Lee,,1,,5/17/2024 14:14
leialoha,,Leialoha,,1,,5/17/2024 14:14
lotulelei,,Lotulelei,,1,,5/17/2024 14:14
ma'afu,,Ma'afu,,1,,5/17/2024 14:14
manuokafoa,,Manuokafoa,,1,,5/17/2024 14:14
manupuna,,Manupuna,,1,,5/17/2024 14:14
misipeka,,Misipeka,,1,,5/17/2024 14:14
moana,,Moana,,1,,5/17/2024 14:14
mo'okini,,Mo'okini,,1,,5/17/2024 14:14
nae'ole,,Nae'ole,,1,,5/17/2024 14:14
naeole,,Naeole,,1,,5/17/2024 14:14
narain,,Narain,,1,,5/17/2024 14:14
ngatai,,Ngatai,,1,,5/17/2024 14:14
ofahengaue,,Ofahengaue,,1,,5/17/2024 14:14
olakauatu,,Olakauatu,,1,,5/17/2024 14:14
opetaia,,Opetaia,,1,,5/17/2024 14:14
opunui,,Opunui,,1,,5/17/2024 14:14
paewai,,Paewai,,1,,5/17/2024 14:14
pakarati,,Pakarati,,1,,5/17/2024 14:14
pangai,,Pangai,,1,,5/17/2024 14:14
paoa,,Paoa,,1,,5/17/2024 14:14
pere,,Pere,,1,,5/17/2024 14:14
pohano,,Pohano,,1,,5/17/2024 14:14
puletua,,Puletua,,1,,5/17/2024 14:14
punga,,Punga,,1,,5/17/2024 14:14
rangihau,,Rangihau,,1,,5/17/2024 14:14
rapu,,Rapu,,1,,5/17/2024 14:14
riroroko,,Riroroko,,1,,5/17/2024 14:14
riwai,,Riwai,,1,,5/17/2024 14:14
samoa,,Samoa,,1,,5/17/2024 14:14
sepuloni,,Sepuloni,,1,,5/17/2024 14:14
seufale,,Seufale,,1,,5/17/2024 14:14
silatolu,,Silatolu,,1,,5/17/2024 14:14
soakai,,Soakai,,1,,5/17/2024 14:14
talakai,,Talakai,,1,,5/17/2024 14:14
talanoa,,Talanoa,,1,,5/17/2024 14:14
tanginoa,,Tanginoa,,1,,5/17/2024 14:14
tanielu,,Tanielu,,1,,5/17/2024 14:14
tapu,,Tapu,,1,,5/17/2024 14:14
tatola,,Tatola,,1,,5/17/2024 14:14
taukeiaho,,Taukeiaho,,1,,5/17/2024 14:14
taumoepenu,,Taumoepenu,,1,,5/17/2024 14:14
teheiura,,Teheiura,,1,,5/17/2024 14:14
te hira,,Te Hira,,1,,5/17/2024 14:14
tenadii,,Tenadii,,1,,5/17/2024 14:14
te'o,,Te'o,,1,,5/17/2024 14:14
te poki,,Te Poki,,1,,5/17/2024 14:14
teriimana,,Teriimana,,1,,5/17/2024 14:14
teriyong,,Teriyong,,1,,5/17/2024 14:14
tetuanui,,Tetuanui,,1,,5/17/2024 14:14
tilo,,Tilo,,1,,5/17/2024 14:14
too,,Too,,1,,5/17/2024 14:14
topasna,,Topasna,,1,,5/17/2024 14:14
tua,,Tua,,1,,5/17/2024 14:14
tu'ikolovatu,,Tu'ikolovatu,,1,,5/17/2024 14:14
tuilotolava,,Tuilotolava,,1,,5/17/2024 14:14
tuipulotu,,Tuipulotu,,1,,5/17/2024 14:14
tuivailala,,Tuivailala,,1,,5/17/2024 14:14
tukuafu,,Tukuafu,,1,,5/17/2024 14:14
tu'ungafasi,,Tu'ungafasi,,1,,5/17/2024 14:14
unga,,Unga,,1,,5/17/2024 14:14
utoikamanu,,Utoikamanu,,1,,5/17/2024 14:14
vaealiki,,Vaealiki,,1,,5/17/2024 14:14
vaha'akolo,,Vaha'akolo,,1,,5/17/2024 14:14
vaipulu,,Vaipulu,,1,,5/17/2024 14:14
vaitai,,Vaitai,,1,,5/17/2024 14:14
vakapuna,,Vakapuna,,1,,5/17/2024 14:14
vi,,Vi,,1,,5/17/2024 14:14
vikram,,Vikram,,1,,5/17/2024 14:14
vunipola,,Vunipola,,1,,5/17/2024 14:14
wero,,Wero,,1,,5/17/2024 14:14
winiata,,Winiata,,1,,5/17/2024 14:14
tuigamala,,Tuigamala,,1,,5/17/2024 14:14
mauga,,Mauga,,1,,5/17/2024 14:14
leota,,Leota,,1,,5/17/2024 14:14
mageo,,Mageo,,1,,5/17/2024 14:14
faumuina,,Faumuina,,1,,5/17/2024 14:14
samuelu,,Samuelu,,1,,5/17/2024 14:14
satele,,Satele,,1,,5/17/2024 14:14
lafaele,,Lafaele,,1,,5/17/2024 14:14
tagaloa,,Tagaloa,,1,,5/17/2024 14:14
maiava,,Maiava,,1,,5/17/2024 14:14
mutu,,Mutu,,1,,5/17/2024 14:14
liu,,Liu,,1,,5/17/2024 14:14
tasi,,Tasi,,1,,5/17/2024 14:14
ho,,Ho,,1,,5/17/2024 14:14
lui,,Lui,,1,,5/17/2024 14:14
puletasi,,Puletasi,,1,,5/17/2024 14:14
tupua,,Tupua,,1,,5/17/2024 14:14
lefiti,,Lefiti,,1,,5/17/2024 14:14
ieremia,,Ieremia,,1,,5/17/2024 14:14
sunia,,Sunia,,1,,5/17/2024 14:14
tupuola,,Tupuola,,1,,5/17/2024 14:14
moliga,,Moliga,,1,,5/17/2024 14:14
solaita,,Solaita,,1,,5/17/2024 14:14
fano,,Fano,,1,,5/17/2024 14:14
magalei,,Magalei,,1,,5/17/2024 14:14
fanene,,Fanene,,1,,5/17/2024 14:14
leiato,,Leiato,,1,,5/17/2024 14:14
suani,,Suani,,1,,5/17/2024 14:14
mailo,,Mailo,,1,,5/17/2024 14:14
sagapolutele,,Sagapolutele,,1,,5/17/2024 14:14
sua,,Sua,,1,,5/17/2024 14:14
tuala,,Tuala,,1,,5/17/2024 14:14
tauanuu,,Tauanuu,,1,,5/17/2024 14:14
tuailemafua,,Tuailemafua,,1,,5/17/2024 14:14
vaofanua,,Vaofanua,,1,,5/17/2024 14:14
ta'ala,,Ta'ala,,1,,5/17/2024 14:14
tofilau,,Tofilau,,1,,5/17/2024 14:14
falefia,,Falefia,,1,,5/17/2024 14:14
siaosi,,Siaosi,,1,,5/17/2024 14:14
fa'afiti,,Fa'afiti,,1,,5/17/2024 14:14
tagoai,,Tagoai,,1,,5/17/2024 14:14
anoa'i,,Anoa'i,,1,,5/17/2024 14:14
fanua,,Fanua,,1,,5/17/2024 14:14
fatu,,Fatu,,1,,5/17/2024 14:14
ho'oilina,,Ho'oilina,,1,,5/17/2024 14:14
isi,,Isi,,1,,5/17/2024 14:14
kaao,,Kaao,,1,,5/17/2024 14:14
kauwela,,Kauwela,,1,,5/17/2024 14:14
koa,,Koa,,1,,5/17/2024 14:14
lagi,,Lagi,,1,,5/17/2024 14:14
lani,,Lani,,1,,5/17/2024 14:14
lototoa,,Lototoa,,1,,5/17/2024 14:14
lototetele,,Lototetele,,1,,5/17/2024 14:14
matai,,Matai,,1,,5/17/2024 14:14
molamalu,,Molamalu,,1,,5/17/2024 14:14
ninanu,,Ninanu,,1,,5/17/2024 14:14
nolamalu,,Nolamalu,,1,,5/17/2024 14:14
nui loa,,Nui Loa,,1,,5/17/2024 14:14
nuu moni,,Nuu Moni,,1,,5/17/2024 14:14
oanoa,,Oanoa,,1,,5/17/2024 14:14
olamalu,,Olamalu,,1,,5/17/2024 14:14
opua,,Opua,,1,,5/17/2024 14:14
palealii,,Palealii,,1,,5/17/2024 14:14
pasefika,,Pasefika,,1,,5/17/2024 14:14
peanoa,,Peanoa,,1,,5/17/2024 14:14
pelekai,,Pelekai,,1,,5/17/2024 14:14
polamalu,,Polamalu,,1,,5/17/2024 14:14
punawai,,Punawai,,1,,5/17/2024 14:14
punawei,,Punawei,,1,,5/17/2024 14:14
rolamalu,,Rolamalu,,1,,5/17/2024 14:14
savili,,Savili,,1,,5/17/2024 14:14
seanoa,,Seanoa,,1,,5/17/2024 14:14
siaki,,Siaki,,1,,5/17/2024 14:14
sikoti,,Sikoti,,1,,5/17/2024 14:14
snuka,,Snuka,,1,,5/17/2024 14:14
solamalu,,Solamalu,,1,,5/17/2024 14:14
tagatanuu,,Tagatanuu,,1,,5/17/2024 14:14
taimane,,Taimane,,1,,5/17/2024 14:14
talofa,,Talofa,,1,,5/17/2024 14:14
talofo,,Talofo,,1,,5/17/2024 14:14
tama,,Tama,,1,,5/17/2024 14:14
timuga,,Timuga,,1,,5/17/2024 14:14
toa,,Toa,,1,,5/17/2024 14:14
tolamalu,,Tolamalu,,1,,5/17/2024 14:14
ua,,Ua,,1,,5/17/2024 14:14
uce,,Uce,,1,,5/17/2024 14:14
ucey,,Ucey,,1,,5/17/2024 14:14
viliamu,,Viliamu,,1,,5/17/2024 14:14
volamalu,,Volamalu,,1,,5/17/2024 14:14
wiwo ole,,Wiwo Ole,,1,,5/17/2024 14:14
afoa,,Afoa,,1,,5/17/2024 14:14
agi,,Agi,,1,,5/17/2024 14:14
ah liki,,Ah Liki,,1,,5/17/2024 14:14
ala,,Ala,,1,,5/17/2024 14:14
betham,,Betham,,1,,5/17/2024 14:14
chappelow,,Chappelow,,1,,5/17/2024 14:14
elei,,Elei,,1,,5/17/2024 14:14
felise,,Felise,,1,,5/17/2024 14:14
hauora,,Hauora,,1,,5/17/2024 14:14
hine,,Hine,,1,,5/17/2024 14:14
kala,,Kala,,1,,5/17/2024 14:14
kalo,,Kalo,,1,,5/17/2024 14:14
kari,,Kari,,1,,5/17/2024 14:14
lanuola,,Lanuola,,1,,5/17/2024 14:14
leiataua,,Leiataua,,1,,5/17/2024 14:14
lutu,,Lutu,,1,,5/17/2024 14:14
manaia,,Manaia,,1,,5/17/2024 14:14
mele,,Mele,,1,,5/17/2024 14:14
rangi,,Rangi,,1,,5/17/2024 14:14
safotu,,Safotu,,1,,5/17/2024 14:14
sio,,Sio,,1,,5/17/2024 14:14
su'a,,Su'a,,1,,5/17/2024 14:14
taaga,,Taaga,,1,,5/17/2024 14:14
tamaroa,,Tamaroa,,1,,5/17/2024 14:14
teuila,,Teuila,,1,,5/17/2024 14:14
tulafale,,Tulafale,,1,,5/17/2024 14:14
ufuti,,Ufuti,,1,,5/17/2024 14:14
vaea,,Vaea,,1,,5/17/2024 14:14
vaega,,Vaega,,1,,5/17/2024 14:14
vaiala,,Vaiala,,1,,5/17/2024 14:14
havea,,Havea,,1,,5/17/2024 14:14
manu,,Manu,,1,,5/17/2024 14:14
taufa,,Taufa,,1,,5/17/2024 14:14
vea,,Vea,,1,,5/17/2024 14:14
guo,,Guo,,1,,5/17/2024 14:14
palu,,Palu,,1,,5/17/2024 14:14
lu,,Lu,,1,,5/17/2024 14:14
nau,,Nau,,1,,5/17/2024 14:14
makasini,,Makasini,,1,,5/17/2024 14:14
tovo,,Tovo,,1,,5/17/2024 14:14
tuifua,,Tuifua,,1,,5/17/2024 14:14
lavulo,,Lavulo,,1,,5/17/2024 14:14
liutai,,Liutai,,1,,5/17/2024 14:14
sili,,Sili,,1,,5/17/2024 14:14
selui,,Selui,,1,,5/17/2024 14:14
timani,,Timani,,1,,5/17/2024 14:14
loumoli,,Loumoli,,1,,5/17/2024 14:14
latapu,,Latapu,,1,,5/17/2024 14:14
salesi,,Salesi,,1,,5/17/2024 14:14
ngalu,,Ngalu,,1,,5/17/2024 14:14
maama,,Maama,,1,,5/17/2024 14:14
fehoko,,Fehoko,,1,,5/17/2024 14:14
kalou,,Kalou,,1,,5/17/2024 14:14
toli,,Toli,,1,,5/17/2024 14:14
tovi,,Tovi,,1,,5/17/2024 14:14
toki,,Toki,,1,,5/17/2024 14:14
lolo,,Lolo,,1,,5/17/2024 14:14
hamala,,Hamala,,1,,5/17/2024 14:14
vala,,Vala,,1,,5/17/2024 14:14
fili,,Fili,,1,,5/17/2024 14:14
likiliki,,Likiliki,,1,,5/17/2024 14:14
taufahema,,Taufahema,,1,,5/17/2024 14:14
mapa,,Mapa,,1,,5/17/2024 14:14
koloi,,Koloi,,1,,5/17/2024 14:14
fua,,Fua,,1,,5/17/2024 14:14
lala,,Lala,,1,,5/17/2024 14:14
kaho,,Kaho,,1,,5/17/2024 14:14
samani,,Samani,,1,,5/17/2024 14:14
vao,,Vao,,1,,5/17/2024 14:14
toutai,,Toutai,,1,,5/17/2024 14:14
sela,,Sela,,1,,5/17/2024 14:14
malolo,,Malolo,,1,,5/17/2024 14:14
soane,,Soane,,1,,5/17/2024 14:14
maake,,Maake,,1,,5/17/2024 14:14
hu,,Hu,,1,,5/17/2024 14:14
moimoi,,Moimoi,,1,,5/17/2024 14:14
eke,,Eke,,1,,5/17/2024 14:14
maue,,Maue,,1,,5/17/2024 14:14
goa,,Goa,,1,,5/17/2024 14:14
polota,,Polota,,1,,5/17/2024 14:14
halapua,,Halapua,,1,,5/17/2024 14:14
halahala,,Halahala,,1,,5/17/2024 14:14
mounga,,Mounga,,1,,5/17/2024 14:14
vehikite,,Vehikite,,1,,5/17/2024 14:14
hufanga,,Hufanga,,1,,5/17/2024 14:14
nikua,,Nikua,,1,,5/17/2024 14:14
katoanga,,Katoanga,,1,,5/17/2024 14:14
mau,,Mau,,1,,5/17/2024 14:14
pulini,,Pulini,,1,,5/17/2024 14:14
puta,,Puta,,1,,5/17/2024 14:14
heimuli,,Heimuli,,1,,5/17/2024 14:14
otuafi,,Otuafi,,1,,5/17/2024 14:14
penitani,,Penitani,,1,,5/17/2024 14:14
pahulu,,Pahulu,,1,,5/17/2024 14:14
vaka,,Vaka,,1,,5/17/2024 14:14
malupo,,Malupo,,1,,5/17/2024 14:14
katoa,,Katoa,,1,,5/17/2024 14:14
hafoka,,Hafoka,,1,,5/17/2024 14:14
maka,,Maka,,1,,5/17/2024 14:14
takai,,Takai,,1,,5/17/2024 14:14
tuita,,Tuita,,1,,5/17/2024 14:14
mahe,,Mahe,,1,,5/17/2024 14:14
apinelu,,Apinelu,,1,,5/17/2024 14:14
pita,,Pita,,1,,5/17/2024 14:14
paeniu,,Paeniu,,1,,5/17/2024 14:14
homasi,,Homasi,,1,,5/17/2024 14:14
lusama,,Lusama,,1,,5/17/2024 14:14
teo,,Teo,,1,,5/17/2024 14:14
talu,,Talu,,1,,5/17/2024 14:14
ene,,Ene,,1,,5/17/2024 14:14
puti,,Puti,,1,,5/17/2024 14:14
kapua,,Kapua,,1,,5/17/2024 14:14
amosa,,Amosa,,1,,5/17/2024 14:14
salanoa,,Salanoa,,1,,5/17/2024 14:14
fusi,,Fusi,,1,,5/17/2024 14:14
tomu,,Tomu,,1,,5/17/2024 14:14
telogo,,Telogo,,1,,5/17/2024 14:14
foa'i,,Foa'i,,1,,5/17/2024 14:14
ielemia,,Ielemia,,1,,5/17/2024 14:14
ionatana,,Ionatana,,1,,5/17/2024 14:14
lauti,,Lauti,,1,,5/17/2024 14:14
leupena,,Leupena,,1,,5/17/2024 14:14
luka,,Luka,,1,,5/17/2024 14:14
puapua,,Puapua,,1,,5/17/2024 14:14
sione,,Sione,,1,,5/17/2024 14:14
sopoanga,,Sopoanga,,1,,5/17/2024 14:14
talake,,Talake,,1,,5/17/2024 14:14
telito,,Telito,,1,,5/17/2024 14:14
toafa,,Toafa,,1,,5/17/2024 14:14
tuilimu,,Tuilimu,,1,,5/17/2024 14:14
uota,,Uota,,1,,5/17/2024 14:14
taufatofua,,Taufatofua,,1,,5/17/2024 14:14
pohiva,,Pohiva,,1,,5/17/2024 14:14
amanaki,,Amanaki,,1,,5/17/2024 14:14
taulava,,Taulava,,1,,5/17/2024 14:14
laiseni,,Laiseni,,1,,5/17/2024 14:14
uasi,,Uasi,,1,,5/17/2024 14:14
tonga,,Tonga,,1,,5/17/2024 14:14
lauaki,,Lauaki,,1,,5/17/2024 14:14
vaikona,,Vaikona,,1,,5/17/2024 14:14
veikoso,,Veikoso,,1,,5/17/2024 14:14
kapono,,Kapono,,1,,5/17/2024 14:14
kamakau,,Kamakau,,1,,5/17/2024 14:14
kauwe,,Kauwe,,1,,5/17/2024 14:14
malo,,Malo,,1,,5/17/2024 14:14
pukui,,Pukui,,1,,5/17/2024 14:14
pao,,Pao,,1,,5/17/2024 14:14
kanahele,,Kanahele,,1,,5/17/2024 14:14
ho'omalu,,Ho'omalu,,1,,5/17/2024 14:14
pavao,,Pavao,,1,,5/17/2024 14:14
aiona,,Aiona,,1,,5/17/2024 14:14
akaka,,Akaka,,1,,5/17/2024 14:14
apoliona,,Apoliona,,1,,5/17/2024 14:14
kaleoaloha,,Kaleoaloha,,1,,5/17/2024 14:14
iaukea,,Iaukea,,1,,5/17/2024 14:14
kalaniana'ole,,Kalaniana'ole,,1,,5/17/2024 14:14
kawananakoa,,Kawananakoa,,1,,5/17/2024 14:14
kawananakoa,,Kawananakoa,,1,,5/17/2024 14:14
keoloha,,Keoloha,,1,,5/17/2024 14:14
kia'aina,,Kia'aina,,1,,5/17/2024 14:14
nawahi,,Nawahi,,1,,5/17/2024 14:14
pililaau,,Pililaau,,1,,5/17/2024 14:14
ho'olulu,,Ho'olulu,,1,,5/17/2024 14:14
waihe'e,,Waihe'e,,1,,5/17/2024 14:14
kalanihiapo,,Kalanihiapo,,1,,5/17/2024 14:14
aikau,,Aikau,,1,,5/17/2024 14:14
kaluhiokalani,,Kaluhiokalani,,1,,5/17/2024 14:14
nuuhiwa,,Nuuhiwa,,1,,5/17/2024 14:14
kalakaua,,Kalakaua,,1,,5/17/2024 14:14
ka'iulani,,Ka'iulani,,1,,5/17/2024 14:14
likelike,,Likelike,,1,,5/17/2024 14:14
lili'uokalani,,Lili'uokalani,,1,,5/17/2024 14:14
kekumano,,Kekumano,,1,,5/17/2024 14:14
koa'eloa,,Koa'eloa,,1,,5/17/2024 14:14
