game reference key,Notes,Displayed Text,Alternate Text,Frequency,Requires Suffix,Misc.
[the key used by the game to find strings],"[Not loaded into the game, for explanation only]",[The displayed string in-game],"[Alternate displayed string, eg. Nickname]",[For lists],[Does this require a suffix for naming?],[Miscellaneous]
‚Äî ,‚Äî ,‚Äî ,‚Äî ,‚Äî ,‚Äî ,‚Äî 
elsa,,Elsa,,1,,5/9/2022 11:49
alice,,Alice,,1,,5/9/2022 11:49
maja,,Maja,,1,,5/9/2022 11:49
agnes,,Agnes,,1,,5/9/2022 11:49
lilly,,Lilly,,1,,5/9/2022 11:49
olivia,,Olivia,,1,,5/9/2022 11:49
julia,,Julia,,1,,5/9/2022 11:49
ebba,,Ebba,,1,,5/9/2022 11:49
linnea,,Linnea,,1,,5/9/2022 11:49
molly,,Molly,,1,,5/9/2022 11:49
ella,,Ella,,1,,5/9/2022 11:49
wilma,,Wilma,,1,,5/9/2022 11:49
klara,,Klara,,1,,5/9/2022 11:49
stella,,Stella,,1,,5/9/2022 11:49
freja,,Freja,,1,,5/9/2022 11:49
alicia,,Alicia,,1,,5/9/2022 11:49
alva,,Alva,,1,,5/9/2022 11:49
alma,,Alma,,1,,5/9/2022 11:49
isabelle,,Isabelle,,1,,5/9/2022 11:49
ellen,,Ellen,,1,,5/9/2022 11:49
saga,,Saga,,1,,5/9/2022 11:49
ellie,,Ellie,,1,,5/9/2022 11:49
astrid,,Astrid,,1,,5/9/2022 11:49
emma,,Emma,,1,,5/9/2022 11:49
nellie,,Nellie,,1,,5/9/2022 11:49
emilia,,Emilia,,1,,5/9/2022 11:49
vera,,Vera,,1,,5/9/2022 11:49
signe,,Signe,,1,,5/9/2022 11:49
elvira,,Elvira,,1,,5/9/2022 11:49
nova,,Nova,,1,,5/9/2022 11:49
selma,,Selma,,1,,5/9/2022 11:49
ester,,Ester,,1,,5/9/2022 11:49
leah,,Leah,,1,,5/9/2022 11:49
felicia,,Felicia,,1,,5/9/2022 11:49
sara,,Sara,,1,,5/9/2022 11:49
sofia,,Sofia,,1,,5/9/2022 11:49
elise,,Elise,,1,,5/9/2022 11:49
ines,,Ines,,1,,5/9/2022 11:49
tyra,,Tyra,,1,,5/9/2022 11:49
amanda,,Amanda,,1,,5/9/2022 11:49
elin,,Elin,,1,,5/9/2022 11:49
ida,,Ida,,1,,5/9/2022 11:49
moa,,Moa,,1,,5/9/2022 11:49
meja,,Meja,,1,,5/9/2022 11:49
isabella,,Isabella,,1,,5/9/2022 11:49
tuva,,Tuva,,1,,5/9/2022 11:49
nora,,Nora,,1,,5/9/2022 11:49
siri,,Siri,,1,,5/9/2022 11:49
matilda,,Matilda,,1,,5/9/2022 11:49
sigrid,,Sigrid,,1,,5/9/2022 11:49
edith,,Edith,,1,,5/9/2022 11:49
lovisa,,Lovisa,,1,,5/9/2022 11:49
juni,,Juni,,1,,5/9/2022 11:49
liv,,Liv,,1,,5/9/2022 11:49
lova,,Lova,,1,,5/9/2022 11:49
hanna,,Hanna,,1,,5/9/2022 11:49
tilde,,Tilde,,1,,5/9/2022 11:49
iris,,Iris,,1,,5/9/2022 11:49
thea,,Thea,,1,,5/9/2022 11:49
emelie,,Emelie,,1,,5/9/2022 11:49
melissa,,Melissa,,1,,5/9/2022 11:49
cornelia,,Cornelia,,1,,5/9/2022 11:49
leia,,Leia,,1,,5/9/2022 11:49
ingrid,,Ingrid,,1,,5/9/2022 11:49
livia,,Livia,,1,,5/9/2022 11:49
jasmine,,Jasmine,,1,,5/9/2022 11:49
nathalie,,Nathalie,,1,,5/9/2022 11:49
greta,,Greta,,1,,5/9/2022 11:49
stina,,Stina,,1,,5/9/2022 11:49
joline,,Joline,,1,,5/9/2022 11:49
filippa,,Filippa,,1,,5/9/2022 11:49
emmy,,Emmy,,1,,5/9/2022 11:49
svea,,Svea,,1,,5/9/2022 11:49
marta,,Marta,,1,,5/9/2022 11:49
tilda,,Tilda,,1,,5/9/2022 11:49
hilda,,Hilda,,1,,5/9/2022 11:49
majken,,Majken,,1,,5/9/2022 11:49
celine,,Celine,,1,,5/9/2022 11:49
ellinor,,Ellinor,,1,,5/9/2022 11:49
lykke,,Lykke,,1,,5/9/2022 11:49
novalie,,Novalie,,1,,5/9/2022 11:49
linn,,Linn,,1,,5/9/2022 11:49
tindra,,Tindra,,1,,5/9/2022 11:49
my,,My,,1,,5/9/2022 11:49
mira,,Mira,,1,,5/9/2022 11:49
rut,,Rut,,1,,5/9/2022 11:49
ronja,,Ronja,,1,,5/9/2022 11:49
hilma,,Hilma,,1,,5/9/2022 11:49
lisa,,Lisa,,1,,5/9/2022 11:49
maria,,Maria,,1,,5/9/2022 11:49
elina,,Elina,,1,,5/9/2022 11:49
lovis,,Lovis,,1,,5/9/2022 11:49
minna,,Minna,,1,,5/9/2022 11:49
hedda,,Hedda,,1,,5/9/2022 11:49
amelia,,Amelia,,1,,5/9/2022 11:49
sally,,Sally,,1,,5/9/2022 11:49
nicole,,Nicole,,1,,5/9/2022 11:49
victoria,,Victoria,,1,,5/9/2022 11:49
luna,,Luna,,1,,5/9/2022 11:49
anna,,Anna,,1,,5/9/2022 11:49
sofie,,Sofie,,1,,5/9/2022 11:49
emilie,,Emilie,,1,,5/9/2022 11:49
mia,,Mia,,1,,5/9/2022 11:49
amalie,,Amalie,,1,,5/9/2022 11:49
aurora,,Aurora,,1,,5/9/2022 11:49
jenny,,Jenny,,1,,5/9/2022 11:49
frida,,Frida,,1,,5/9/2022 11:49
julie,,Julie,,1,,5/9/2022 11:49
tiril,,Tiril,,1,,5/9/2022 11:49
mathilde,,Mathilde,,1,,5/9/2022 11:49
vilde,,Vilde,,1,,5/9/2022 11:49
oda,,Oda,,1,,5/9/2022 11:49
marie,,Marie,,1,,5/9/2022 11:49
eline,,Eline,,1,,5/9/2022 11:49
alina,,Alina,,1,,5/9/2022 11:49
live,,Live,,1,,5/9/2022 11:49
malin,,Malin,,1,,5/9/2022 11:49
ada,,Ada,,1,,5/9/2022 11:49
mille,,Mille,,1,,5/9/2022 11:49
karoline,,Karoline,,1,,5/9/2022 11:49
mari,,Mari,,1,,5/9/2022 11:49
martine,,Martine,,1,,5/9/2022 11:49
mina,,Mina,,1,,5/9/2022 11:49
mathea,,Mathea,,1,,5/9/2022 11:49
venla,,Venla,,1,,5/9/2022 11:49
aada,,Aada,,1,,5/9/2022 11:49
aino,,Aino,,1,,5/9/2022 11:49
margret,,Margret,,1,,5/9/2022 11:49
eva,,Eva,,1,,5/9/2022 11:49
hekla,,Hekla,,1,,5/9/2022 11:49
kristin,,Kristin,,1,,5/9/2022 11:49
viktoria,,Viktoria,,1,,5/9/2022 11:49
katrin,,Katrin,,1,,5/9/2022 11:49
freyja,,Freyja,,1,,5/9/2022 11:49
birta,,Birta,,1,,5/9/2022 11:49
s√≥ley,,S√≥ley,,1,,5/9/2022 11:49
anita,,Anita,,1,,5/9/2022 11:49
helga,,Helga,,1,,5/9/2022 11:49
katla,,Katla,,1,,5/9/2022 11:49
elisabet,,Elisabet,,1,,5/9/2022 11:49
alexandra,,Alexandra,,1,,5/9/2022 11:49
√∏ydis,,√òydis,,1,,5/24/2024 2:55
√≥l√∂f,,√ìl√∂f,,1,,5/24/2024 2:55
√•got,,√Ögot,,1,,5/24/2024 2:55
√•sa,,√Ösa,,1,,5/24/2024 2:55
√•se,,√Öse,,1,,5/24/2024 2:55
√•shild,,√Öshild,,1,,5/24/2024 2:55
√•sne,,√Ösne,,1,,5/24/2024 2:55
√≠ris,,√çris,,1,,5/24/2024 2:55
√°sa,,√Åsa,,1,,5/24/2024 2:55
√≠sabella,,√çsabella,,1,,5/24/2024 2:55
√°sd√≠s,,√Åsd√≠s,,1,,5/24/2024 2:55
√°sgerdur,,√Åsgerdur,,1,,5/24/2024 2:55
√°slaug,,√Åslaug,,1,,5/24/2024 2:55
√°sta,,√Åsta,,1,,5/24/2024 2:55
√°str√≠dur,,√Åstr√≠dur,,1,,5/24/2024 2:55
aallotar,,Aallotar,,1,,5/24/2024 2:55
aamu,,Aamu,,1,,5/24/2024 2:55
aase,,Aase,,1,,5/24/2024 2:55
aava,,Aava,,1,,5/24/2024 2:55
abelone,,Abelone,,1,,5/24/2024 2:55
abigail,,Abigail,,1,,5/24/2024 2:55
·d·,,¡d·,,1,,5/24/2024 2:55
adalbj√∂rg,,Adalbj√∂rg,,1,,5/24/2024 2:55
adalmiina,,Adalmiina,,1,,5/24/2024 2:55
adela,,Adela,,1,,5/24/2024 2:55
adele,,Adele,,1,,5/24/2024 2:55
adÈle,,AdÈle,,1,,5/24/2024 2:55
adelia,,Adelia,,1,,5/24/2024 2:55
adeliina,,Adeliina,,1,,5/24/2024 2:55
adelina,,Adelina,,1,,5/24/2024 2:55
adeline,,Adeline,,1,,5/24/2024 2:55
adina,,Adina,,1,,5/24/2024 2:55
adna,,Adna,,1,,5/24/2024 2:55
adriana,,Adriana,,1,,5/24/2024 2:55
ag·t,,Ag·t,,1,,5/24/2024 2:55
agata,,Agata,,1,,5/24/2024 2:55
agathe,,Agathe,,1,,5/24/2024 2:55
agda,,Agda,,1,,5/24/2024 2:55
agneta,,Agneta,,1,,5/24/2024 2:55
agnete,,Agnete,,1,,5/24/2024 2:55
agnetha,,Agnetha,,1,,5/24/2024 2:55
agnethe,,Agnethe,,1,,5/24/2024 2:55
aida,,Aida,,1,,5/24/2024 2:55
·idn·,,¡idn·,,1,,5/24/2024 2:55
·idnu,,¡idnu,,1,,5/24/2024 2:55
aija,,Aija,,1,,5/24/2024 2:55
aila,,Aila,,1,,5/24/2024 2:55
·ila,,¡ila,,1,,5/24/2024 2:55
aile,,Aile,,1,,5/24/2024 2:55
·ile,,¡ile,,1,,5/24/2024 2:55
aili,,Aili,,1,,5/24/2024 2:55
·illun,,¡illun,,1,,5/24/2024 2:55
·ilon,,¡ilon,,1,,5/24/2024 2:55
·ilu,,¡ilu,,1,,5/24/2024 2:55
aina,,Aina,,1,,5/24/2024 2:55
aini,,Aini,,1,,5/24/2024 2:55
aira,,Aira,,1,,5/24/2024 2:55
·ir·,,¡ir·,,1,,5/24/2024 2:55
aire,,Aire,,1,,5/24/2024 2:55
·ire,,¡ire,,1,,5/24/2024 2:55
airi,,Airi,,1,,5/24/2024 2:55
ajla,,Ajla,,1,,5/24/2024 2:55
alba,,Alba,,1,,5/24/2024 2:55
alberte,,Alberte,,1,,5/24/2024 2:55
albina,,Albina,,1,,5/24/2024 2:55
·lbma,,¡lbma,,1,,5/24/2024 2:55
alda,,Alda,,1,,5/24/2024 2:55
·lehtta,,¡lehtta,,1,,5/24/2024 2:55
·lehtt·,,¡lehtt·,,1,,5/24/2024 2:55
aleksandra,,Aleksandra,,1,,5/24/2024 2:55
alena,,Alena,,1,,5/24/2024 2:55
alessandra,,Alessandra,,1,,5/24/2024 2:55
alessia,,Alessia,,1,,5/24/2024 2:55
·let,,¡let,,1,,5/24/2024 2:55
alexia,,Alexia,,1,,5/24/2024 2:55
alfhild,,Alfhild,,1,,5/24/2024 2:55
·lgen,,¡lgen,,1,,5/24/2024 2:55
ali,,Ali,,1,,5/24/2024 2:55
alia,,Alia,,1,,5/24/2024 2:55
alicja,,Alicja,,1,,5/24/2024 2:55
alida,,Alida,,1,,5/24/2024 2:55
aliina,,Aliina,,1,,5/24/2024 2:55
aliinn·,,Aliinn·,,1,,5/24/2024 2:55
aliisa,,Aliisa,,1,,5/24/2024 2:55
aliiss·,,Aliiss·,,1,,5/24/2024 2:55
aline,,Aline,,1,,5/24/2024 2:55
alis,,Alis,,1,,5/24/2024 2:55
alisa,,Alisa,,1,,5/24/2024 2:55
alise,,Alise,,1,,5/24/2024 2:55
alisha,,Alisha,,1,,5/24/2024 2:55
alissa,,Alissa,,1,,5/24/2024 2:55
alla,,Alla,,1,,5/24/2024 2:55
·llet,,¡llet,,1,,5/24/2024 2:55
alli,,Alli,,1,,5/24/2024 2:55
allis,,Allis,,1,,5/24/2024 2:55
ally,,Ally,,1,,5/24/2024 2:55
·lv·,,¡lv·,,1,,5/24/2024 2:55
alviina,,Alviina,,1,,5/24/2024 2:55
alvilda,,Alvilda,,1,,5/24/2024 2:55
alvilde,,Alvilde,,1,,5/24/2024 2:55
alvina,,Alvina,,1,,5/24/2024 2:55
amal,,Amal,,1,,5/24/2024 2:55
amalia,,Amalia,,1,,5/24/2024 2:55
am·nd·,,Am·nd·,,1,,5/24/2024 2:55
amela,,Amela,,1,,5/24/2024 2:55
amelie,,Amelie,,1,,5/24/2024 2:55
amilia,,Amilia,,1,,5/24/2024 2:55
amina,,Amina,,1,,5/24/2024 2:55
amira,,Amira,,1,,5/24/2024 2:55
amra,,Amra,,1,,5/24/2024 2:55
amy,,Amy,,1,,5/24/2024 2:55
ana,,Ana,,1,,5/24/2024 2:55
anastasia,,Anastasia,,1,,5/24/2024 2:55
anastasija,,Anastasija,,1,,5/24/2024 2:55
andrea,,Andrea,,1,,5/24/2024 2:55
andrÈa,,AndrÈa,,1,,5/24/2024 2:55
andreea,,Andreea,,1,,5/24/2024 2:55
andrine,,Andrine,,1,,5/24/2024 2:55
ane,,Ane,,1,,5/24/2024 2:55
anelma,,Anelma,,1,,5/24/2024 2:55
·net,,¡net,,1,,5/24/2024 2:55
aneta,,Aneta,,1,,5/24/2024 2:55
anett,,Anett,,1,,5/24/2024 2:55
anette,,Anette,,1,,5/24/2024 2:55
angela,,Angela,,1,,5/24/2024 2:55
angelica,,Angelica,,1,,5/24/2024 2:55
angelika,,Angelika,,1,,5/24/2024 2:55
angelina,,Angelina,,1,,5/24/2024 2:55
anika,,Anika,,1,,5/24/2024 2:55
anine,,Anine,,1,,5/24/2024 2:55
anisa,,Anisa,,1,,5/24/2024 2:55
anitta,,Anitta,,1,,5/24/2024 2:55
anja,,Anja,,1,,5/24/2024 2:55
anki,,Anki,,1,,5/24/2024 2:55
ann,,Ann,,1,,5/24/2024 2:55
·nn·,,¡nn·,,1,,5/24/2024 2:55
annabel,,Annabel,,1,,5/24/2024 2:55
annabell,,Annabell,,1,,5/24/2024 2:55
annabella,,Annabella,,1,,5/24/2024 2:55
annabelle,,Annabelle,,1,,5/24/2024 2:55
anna-liisa,,Anna-Liisa,,1,,5/24/2024 2:55
annalise,,Annalise,,1,,5/24/2024 2:55
annamari,,Annamari,,1,,5/24/2024 2:55
annbj√∏rg,,Annbj√∏rg,,1,,5/24/2024 2:55
annbj¯rg,,Annbj¯rg,,1,,5/24/2024 2:55
ann-christine,,Ann-Christine,,1,,5/24/2024 2:55
anne,,Anne,,1,,5/24/2024 2:55
·nne,,¡nne,,1,,5/24/2024 2:55
annele,,Annele,,1,,5/24/2024 2:55
anneli,,Anneli,,1,,5/24/2024 2:55
annelie,,Annelie,,1,,5/24/2024 2:55
annelise,,Annelise,,1,,5/24/2024 2:55
annemarie,,Annemarie,,1,,5/24/2024 2:55
annemette,,Annemette,,1,,5/24/2024 2:55
annett,,Annett,,1,,5/24/2024 2:55
annette,,Annette,,1,,5/24/2024 2:55
anni,,Anni,,1,,5/24/2024 2:55
annÌ,,AnnÌ,,1,,5/24/2024 2:55
annica,,Annica,,1,,5/24/2024 2:55
annicka,,Annicka,,1,,5/24/2024 2:55
annie,,Annie,,1,,5/24/2024 2:55
anniina,,Anniina,,1,,5/24/2024 2:55
annika,,Annika,,1,,5/24/2024 2:55
anniken,,Anniken,,1,,5/24/2024 2:55
annikka,,Annikka,,1,,5/24/2024 2:55
annikki,,Annikki,,1,,5/24/2024 2:55
annina,,Annina,,1,,5/24/2024 2:55
ann-katrin,,Ann-Katrin,,1,,5/24/2024 2:55
ann-kristin,,Ann-Kristin,,1,,5/24/2024 2:55
annlaug,,Annlaug,,1,,5/24/2024 2:55
annu,,Annu,,1,,5/24/2024 2:55
annukka,,Annukka,,1,,5/24/2024 2:55
anny,,Anny,,1,,5/24/2024 2:55
ann˝,,Ann˝,,1,,5/24/2024 2:55
ansa,,Ansa,,1,,5/24/2024 2:55
antonia,,Antonia,,1,,5/24/2024 2:55
antonina,,Antonina,,1,,5/24/2024 2:55
anu,,Anu,,1,,5/24/2024 2:55
anya,,Anya,,1,,5/24/2024 2:55
aria,,Aria,,1,,5/24/2024 2:55
ariana,,Ariana,,1,,5/24/2024 2:55
ariel,,Ariel,,1,,5/24/2024 2:55
arina,,Arina,,1,,5/24/2024 2:55
arja,,Arja,,1,,5/24/2024 2:55
armi,,Armi,,1,,5/24/2024 2:55
armida,,Armida,,1,,5/24/2024 2:55
arna,,Arna,,1,,5/24/2024 2:55
arnbj√∏rg,,Arnbj√∏rg,,1,,5/24/2024 2:55
arnbj√∂rg,,Arnbj√∂rg,,1,,5/24/2024 2:55
arnborg,,Arnborg,,1,,5/24/2024 2:55
arnhild,,Arnhild,,1,,5/24/2024 2:55
Âsa,,≈sa,,1,,5/24/2024 2:55
asbj¯rg,,Asbj¯rg,,1,,5/24/2024 2:55
Âse,,≈se,,1,,5/24/2024 2:55
Âshild,,≈shild,,1,,5/24/2024 2:55
asia,,Asia,,1,,5/24/2024 2:55
asl√∏g,,Asl√∏g,,1,,5/24/2024 2:55
asl√∂g,,Asl√∂g,,1,,5/24/2024 2:55
aslaug,,Aslaug,,1,,5/24/2024 2:55
asma,,Asma,,1,,5/24/2024 2:55
Âsne,,≈sne,,1,,5/24/2024 2:55
·ssa,,¡ssa,,1,,5/24/2024 2:55
·ss·,,¡ss·,,1,,5/24/2024 2:55
asta,,Asta,,1,,5/24/2024 2:55
·sta,,¡sta,,1,,5/24/2024 2:55
·st·,,¡st·,,1,,5/24/2024 2:55
Âsta,,≈sta,,1,,5/24/2024 2:55
astri,,Astri,,1,,5/24/2024 2:55
athena,,Athena,,1,,5/24/2024 2:55
aud,,Aud,,1,,5/24/2024 2:55
audhild,,Audhild,,1,,5/24/2024 2:55
audur,,Audur,,1,,5/24/2024 2:55
augusta,,Augusta,,1,,5/24/2024 2:55
auli,,Auli,,1,,5/24/2024 2:55
aulikki,,Aulikki,,1,,5/24/2024 2:55
aune,,Aune,,1,,5/24/2024 2:55
aura,,Aura,,1,,5/24/2024 2:55
aurelia,,Aurelia,,1,,5/24/2024 2:55
auroora,,Auroora,,1,,5/24/2024 2:55
ava,,Ava,,1,,5/24/2024 2:55
·vdnos,,¡vdnos,,1,,5/24/2024 2:55
·vr·,,¡vr·,,1,,5/24/2024 2:55
aya,,Aya,,1,,5/24/2024 2:55
ayla,,Ayla,,1,,5/24/2024 2:55
aylin,,Aylin,,1,,5/24/2024 2:55
barbara,,Barbara,,1,,5/24/2024 2:55
barbro,,Barbro,,1,,5/24/2024 2:55
b·vl·,,B·vl·,,1,,5/24/2024 2:55
bea,,Bea,,1,,5/24/2024 2:55
beata,,Beata,,1,,5/24/2024 2:55
beate,,Beate,,1,,5/24/2024 2:55
beathe,,Beathe,,1,,5/24/2024 2:55
beatrice,,Beatrice,,1,,5/24/2024 2:55
beatriz,,Beatriz,,1,,5/24/2024 2:55
belinda,,Belinda,,1,,5/24/2024 2:55
bella,,Bella,,1,,5/24/2024 2:55
belle,,Belle,,1,,5/24/2024 2:55
benedicte,,Benedicte,,1,,5/24/2024 2:55
benedikte,,Benedikte,,1,,5/24/2024 2:55
bengta,,Bengta,,1,,5/24/2024 2:55
benita,,Benita,,1,,5/24/2024 2:55
bente,,Bente,,1,,5/24/2024 2:55
benthe,,Benthe,,1,,5/24/2024 2:55
bergliot,,Bergliot,,1,,5/24/2024 2:55
berglj√≥t,,Berglj√≥t,,1,,5/24/2024 2:55
bergljot,,Bergljot,,1,,5/24/2024 2:55
berit,,Berit,,1,,5/24/2024 2:55
berith,,Berith,,1,,5/24/2024 2:55
berta,,Berta,,1,,5/24/2024 2:55
bertha,,Bertha,,1,,5/24/2024 2:55
bertta,,Bertta,,1,,5/24/2024 2:55
beth,,Beth,,1,,5/24/2024 2:55
betina,,Betina,,1,,5/24/2024 2:55
bettina,,Bettina,,1,,5/24/2024 2:55
betty,,Betty,,1,,5/24/2024 2:55
bianca,,Bianca,,1,,5/24/2024 2:55
bibbi,,Bibbi,,1,,5/24/2024 2:55
bibi,,Bibi,,1,,5/24/2024 2:55
biell·,,Biell·,,1,,5/24/2024 2:55
bierg·,,Bierg·,,1,,5/24/2024 2:55
bigga,,Bigga,,1,,5/24/2024 2:55
bigg·,,Bigg·,,1,,5/24/2024 2:55
bigge,,Bigge,,1,,5/24/2024 2:55
biij·,,Biij·,,1,,5/24/2024 2:55
bikk·,,Bikk·,,1,,5/24/2024 2:55
billie,,Billie,,1,,5/24/2024 2:55
bine,,Bine,,1,,5/24/2024 2:55
biret,,Biret,,1,,5/24/2024 2:55
birgget,,Birgget,,1,,5/24/2024 2:55
birgit,,Birgit,,1,,5/24/2024 2:55
birgith,,Birgith,,1,,5/24/2024 2:55
birgitta,,Birgitta,,1,,5/24/2024 2:55
birgitte,,Birgitte,,1,,5/24/2024 2:55
birje,,Birje,,1,,5/24/2024 2:55
birr·,,Birr·,,1,,5/24/2024 2:55
birt·,,Birt·,,1,,5/24/2024 2:55
birte,,Birte,,1,,5/24/2024 2:55
birthe,,Birthe,,1,,5/24/2024 2:55
bitten,,Bitten,,1,,5/24/2024 2:55
bj√∏rg,,Bj√∏rg,,1,,5/24/2024 2:55
bj√∂rg,,Bj√∂rg,,1,,5/24/2024 2:55
bj√∂rk,,Bj√∂rk,,1,,5/24/2024 2:55
bj¯rg,,Bj¯rg,,1,,5/24/2024 2:55
bj¯rk,,Bj¯rk,,1,,5/24/2024 2:55
bodil,,Bodil,,1,,5/24/2024 2:55
boel,,Boel,,1,,5/24/2024 2:55
bolette,,Bolette,,1,,5/24/2024 2:55
bonnie,,Bonnie,,1,,5/24/2024 2:55
borghild,,Borghild,,1,,5/24/2024 2:55
borghildur,,Borghildur,,1,,5/24/2024 2:55
borgny,,Borgny,,1,,5/24/2024 2:55
brigitte,,Brigitte,,1,,5/24/2024 2:55
brit,,Brit,,1,,5/24/2024 2:55
brita,,Brita,,1,,5/24/2024 2:55
brith,,Brith,,1,,5/24/2024 2:55
britt,,Britt,,1,,5/24/2024 2:55
britta,,Britta,,1,,5/24/2024 2:55
brynd√≠s,,Brynd√≠s,,1,,5/24/2024 2:55
brynhild,,Brynhild,,1,,5/24/2024 2:55
brynhildur,,Brynhildur,,1,,5/24/2024 2:55
brynja,,Brynja,,1,,5/24/2024 2:55
buohtt·,,Buohtt·,,1,,5/24/2024 2:55
caisa,,Caisa,,1,,5/24/2024 2:55
caja,,Caja,,1,,5/24/2024 2:55
cajsa,,Cajsa,,1,,5/24/2024 2:55
camila,,Camila,,1,,5/24/2024 2:55
camilla,,Camilla,,1,,5/24/2024 2:55
camille,,Camille,,1,,5/24/2024 2:55
carin,,Carin,,1,,5/24/2024 2:55
carina,,Carina,,1,,5/24/2024 2:55
carita,,Carita,,1,,5/24/2024 2:55
carla,,Carla,,1,,5/24/2024 2:55
carmen,,Carmen,,1,,5/24/2024 2:55
carol,,Carol,,1,,5/24/2024 2:55
carola,,Carola,,1,,5/24/2024 2:55
carolin,,Carolin,,1,,5/24/2024 2:55
carolina,,Carolina,,1,,5/24/2024 2:55
caroline,,Caroline,,1,,5/24/2024 2:55
cassandra,,Cassandra,,1,,5/24/2024 2:55
catalina,,Catalina,,1,,5/24/2024 2:55
catarina,,Catarina,,1,,5/24/2024 2:55
catharina,,Catharina,,1,,5/24/2024 2:55
catherine,,Catherine,,1,,5/24/2024 2:55
cathrin,,Cathrin,,1,,5/24/2024 2:55
cathrine,,Cathrine,,1,,5/24/2024 2:55
catrin,,Catrin,,1,,5/24/2024 2:55
catrine,,Catrine,,1,,5/24/2024 2:55
cecilia,,Cecilia,,1,,5/24/2024 2:55
cecilie,,Cecilie,,1,,5/24/2024 2:55
celia,,Celia,,1,,5/24/2024 2:55
celina,,Celina,,1,,5/24/2024 2:55
cÈline,,CÈline,,1,,5/24/2024 2:55
chanel,,Chanel,,1,,5/24/2024 2:55
charlie,,Charlie,,1,,5/24/2024 2:55
charlott,,Charlott,,1,,5/24/2024 2:55
charlotta,,Charlotta,,1,,5/24/2024 2:55
charlotte,,Charlotte,,1,,5/24/2024 2:55
chatarina,,Chatarina,,1,,5/24/2024 2:55
chiara,,Chiara,,1,,5/24/2024 2:55
chloe,,Chloe,,1,,5/24/2024 2:55
chloÈ,,ChloÈ,,1,,5/24/2024 2:55
christa,,Christa,,1,,5/24/2024 2:55
christel,,Christel,,1,,5/24/2024 2:55
christiane,,Christiane,,1,,5/24/2024 2:55
christin,,Christin,,1,,5/24/2024 2:55
christina,,Christina,,1,,5/24/2024 2:55
christine,,Christine,,1,,5/24/2024 2:55
cilla,,Cilla,,1,,5/24/2024 2:55
cille,,Cille,,1,,5/24/2024 2:55
cindy,,Cindy,,1,,5/24/2024 2:55
claire,,Claire,,1,,5/24/2024 2:55
clara,,Clara,,1,,5/24/2024 2:55
clary,,Clary,,1,,5/24/2024 2:55
claudia,,Claudia,,1,,5/24/2024 2:55
cleo,,Cleo,,1,,5/24/2024 2:55
conni,,Conni,,1,,5/24/2024 2:55
connie,,Connie,,1,,5/24/2024 2:55
conny,,Conny,,1,,5/24/2024 2:55
cristina,,Cristina,,1,,5/24/2024 2:55
?uvje,,?uvje,,1,,5/24/2024 2:55
cynthia,,Cynthia,,1,,5/24/2024 2:55
d√≥ra,,D√≥ra,,1,,5/24/2024 2:55
dagmar,,Dagmar,,1,,5/24/2024 2:55
dagny,,Dagny,,1,,5/24/2024 2:55
dagr√∫n,,Dagr√∫n,,1,,5/24/2024 2:55
dagrun,,Dagrun,,1,,5/24/2024 2:55
daisy,,Daisy,,1,,5/24/2024 2:55
dalia,,Dalia,,1,,5/24/2024 2:55
dana,,Dana,,1,,5/24/2024 2:55
dania,,Dania,,1,,5/24/2024 2:55
daniela,,Daniela,,1,,5/24/2024 2:55
daniella,,Daniella,,1,,5/24/2024 2:55
danielle,,Danielle,,1,,5/24/2024 2:55
danuta,,Danuta,,1,,5/24/2024 2:55
daria,,Daria,,1,,5/24/2024 2:55
d·rj·,,D·rj·,,1,,5/24/2024 2:55
d·vdna,,D·vdna,,1,,5/24/2024 2:55
dea,,Dea,,1,,5/24/2024 2:55
debora,,Debora,,1,,5/24/2024 2:55
deborah,,Deborah,,1,,5/24/2024 2:55
delle,,Delle,,1,,5/24/2024 2:55
denice,,Denice,,1,,5/24/2024 2:55
denise,,Denise,,1,,5/24/2024 2:55
desiree,,Desiree,,1,,5/24/2024 2:55
desirÈe,,DesirÈe,,1,,5/24/2024 2:55
diana,,Diana,,1,,5/24/2024 2:55
diane,,Diane,,1,,5/24/2024 2:55
dicte,,Dicte,,1,,5/24/2024 2:55
didde,,Didde,,1,,5/24/2024 2:55
diinna,,Diinna,,1,,5/24/2024 2:55
diinn·,,Diinn·,,1,,5/24/2024 2:55
dilara,,Dilara,,1,,5/24/2024 2:55
dina,,Dina,,1,,5/24/2024 2:55
disa,,Disa,,1,,5/24/2024 2:55
ditte,,Ditte,,1,,5/24/2024 2:55
dominika,,Dominika,,1,,5/24/2024 2:55
dora,,Dora,,1,,5/24/2024 2:55
dorete,,Dorete,,1,,5/24/2024 2:55
doris,,Doris,,1,,5/24/2024 2:55
dorit,,Dorit,,1,,5/24/2024 2:55
dorota,,Dorota,,1,,5/24/2024 2:55
dorotea,,Dorotea,,1,,5/24/2024 2:55
dorothea,,Dorothea,,1,,5/24/2024 2:55
dorrit,,Dorrit,,1,,5/24/2024 2:55
dorte,,Dorte,,1,,5/24/2024 2:55
dorthe,,Dorthe,,1,,5/24/2024 2:55
dorthea,,Dorthea,,1,,5/24/2024 2:55
duiri,,Duiri,,1,,5/24/2024 2:55
dul·,,Dul·,,1,,5/24/2024 2:55
duoj·,,Duoj·,,1,,5/24/2024 2:55
duov·,,Duov·,,1,,5/24/2024 2:55
ea,,Ea,,1,,5/24/2024 2:55
eda,,Eda,,1,,5/24/2024 2:55
edda,,Edda,,1,,5/24/2024 2:55
edel,,Edel,,1,,5/24/2024 2:55
eden,,Eden,,1,,5/24/2024 2:55
edina,,Edina,,1,,5/24/2024 2:55
edit,,Edit,,1,,5/24/2024 2:55
edita,,Edita,,1,,5/24/2024 2:55
edla,,Edla,,1,,5/24/2024 2:55
edna,,Edna,,1,,5/24/2024 2:55
edyta,,Edyta,,1,,5/24/2024 2:55
eedit,,Eedit,,1,,5/24/2024 2:55
eelin,,Eelin,,1,,5/24/2024 2:55
eerika,,Eerika,,1,,5/24/2024 2:55
eeva,,Eeva,,1,,5/24/2024 2:55
eevi,,Eevi,,1,,5/24/2024 2:55
eija,,Eija,,1,,5/24/2024 2:55
eij·,,Eij·,,1,,5/24/2024 2:55
eila,,Eila,,1,,5/24/2024 2:55
eileen,,Eileen,,1,,5/24/2024 2:55
eine,,Eine,,1,,5/24/2024 2:55
eini,,Eini,,1,,5/24/2024 2:55
eir,,Eir,,1,,5/24/2024 2:55
eira,,Eira,,1,,5/24/2024 2:55
eir·,,Eir·,,1,,5/24/2024 2:55
eirin,,Eirin,,1,,5/24/2024 2:55
eivor,,Eivor,,1,,5/24/2024 2:55
ekaterina,,Ekaterina,,1,,5/24/2024 2:55
ela,,Ela,,1,,5/24/2024 2:55
elaine,,Elaine,,1,,5/24/2024 2:55
el√≠sabet,,El√≠sabet,,1,,5/24/2024 2:55
elbm·,,Elbm·,,1,,5/24/2024 2:55
eldbj√∏rg,,Eldbj√∏rg,,1,,5/24/2024 2:55
eldbj¯rg,,Eldbj¯rg,,1,,5/24/2024 2:55
elea,,Elea,,1,,5/24/2024 2:55
eleanor,,Eleanor,,1,,5/24/2024 2:55
elen,,Elen,,1,,5/24/2024 2:55
elena,,Elena,,1,,5/24/2024 2:55
eleni,,Eleni,,1,,5/24/2024 2:55
elenor,,Elenor,,1,,5/24/2024 2:55
eleonoora,,Eleonoora,,1,,5/24/2024 2:55
eleonor,,Eleonor,,1,,5/24/2024 2:55
eleonora,,Eleonora,,1,,5/24/2024 2:55
eleonore,,Eleonore,,1,,5/24/2024 2:55
elfa,,Elfa,,1,,5/24/2024 2:55
eli,,Eli,,1,,5/24/2024 2:55
eliana,,Eliana,,1,,5/24/2024 2:55
elicia,,Elicia,,1,,5/24/2024 2:55
elida,,Elida,,1,,5/24/2024 2:55
eliina,,Eliina,,1,,5/24/2024 2:55
eliisa,,Eliisa,,1,,5/24/2024 2:55
eliisabet,,Eliisabet,,1,,5/24/2024 2:55
eliiss·,,Eliiss·,,1,,5/24/2024 2:55
elinor,,Elinor,,1,,5/24/2024 2:55
elisa,,Elisa,,1,,5/24/2024 2:55
elisabeth,,Elisabeth,,1,,5/24/2024 2:55
eliza,,Eliza,,1,,5/24/2024 2:55
elizabeth,,Elizabeth,,1,,5/24/2024 2:55
elizaveta,,Elizaveta,,1,,5/24/2024 2:55
elke,,Elke,,1,,5/24/2024 2:55
ell·,,Ell·,,1,,5/24/2024 2:55
elle,,Elle,,1,,5/24/2024 2:55
elli,,Elli,,1,,5/24/2024 2:55
ellinoora,,Ellinoora,,1,,5/24/2024 2:55
ellinore,,Ellinore,,1,,5/24/2024 2:55
ellis,,Ellis,,1,,5/24/2024 2:55
ello,,Ello,,1,,5/24/2024 2:55
elly,,Elly,,1,,5/24/2024 2:55
elma,,Elma,,1,,5/24/2024 2:55
elmi,,Elmi,,1,,5/24/2024 2:55
elmiina,,Elmiina,,1,,5/24/2024 2:55
elna,,Elna,,1,,5/24/2024 2:55
els·,,Els·,,1,,5/24/2024 2:55
else,,Else,,1,,5/24/2024 2:55
elsebeth,,Elsebeth,,1,,5/24/2024 2:55
elsi,,Elsi,,1,,5/24/2024 2:55
elsie,,Elsie,,1,,5/24/2024 2:55
elss·,,Elss·,,1,,5/24/2024 2:55
elsy,,Elsy,,1,,5/24/2024 2:55
elva,,Elva,,1,,5/24/2024 2:55
elve,,Elve,,1,,5/24/2024 2:55
elvi,,Elvi,,1,,5/24/2024 2:55
elviira,,Elviira,,1,,5/24/2024 2:55
elvy,,Elvy,,1,,5/24/2024 2:55
ema,,Ema,,1,,5/24/2024 2:55
embla,,Embla,,1,,5/24/2024 2:55
emeli,,Emeli,,1,,5/24/2024 2:55
emelia,,Emelia,,1,,5/24/2024 2:55
emely,,Emely,,1,,5/24/2024 2:55
emil√≠a,,Emil√≠a,,1,,5/24/2024 2:55
emilija,,Emilija,,1,,5/24/2024 2:55
emily,,Emily,,1,,5/24/2024 2:55
emina,,Emina,,1,,5/24/2024 2:55
emine,,Emine,,1,,5/24/2024 2:55
emm·,,Emm·,,1,,5/24/2024 2:55
emmeli,,Emmeli,,1,,5/24/2024 2:55
emmelie,,Emmelie,,1,,5/24/2024 2:55
emmi,,Emmi,,1,,5/24/2024 2:55
emmie,,Emmie,,1,,5/24/2024 2:55
emmoö,,Emmoö,,1,,5/24/2024 2:55
ena,,Ena,,1,,5/24/2024 2:55
engla,,Engla,,1,,5/24/2024 2:55
enna,,Enna,,1,,5/24/2024 2:55
enni,,Enni,,1,,5/24/2024 2:55
enya,,Enya,,1,,5/24/2024 2:55
erica,,Erica,,1,,5/24/2024 2:55
eriika,,Eriika,,1,,5/24/2024 2:55
erika,,Erika,,1,,5/24/2024 2:55
erin,,Erin,,1,,5/24/2024 2:55
erja,,Erja,,1,,5/24/2024 2:55
erle,,Erle,,1,,5/24/2024 2:55
erna,,Erna,,1,,5/24/2024 2:55
erv·,,Erv·,,1,,5/24/2024 2:55
esma,,Esma,,1,,5/24/2024 2:55
esmeralda,,Esmeralda,,1,,5/24/2024 2:55
esra,,Esra,,1,,5/24/2024 2:55
essi,,Essi,,1,,5/24/2024 2:55
estelle,,Estelle,,1,,5/24/2024 2:55
esteri,,Esteri,,1,,5/24/2024 2:55
esther,,Esther,,1,,5/24/2024 2:55
estrid,,Estrid,,1,,5/24/2024 2:55
etel,,Etel,,1,,5/24/2024 2:55
ethel,,Ethel,,1,,5/24/2024 2:55
eufemia,,Eufemia,,1,,5/24/2024 2:55
eufrosyne,,Eufrosyne,,1,,5/24/2024 2:55
eugenia,,Eugenia,,1,,5/24/2024 2:55
ev·,,Ev·,,1,,5/24/2024 2:55
eve,,Eve,,1,,5/24/2024 2:55
eveliina,,Eveliina,,1,,5/24/2024 2:55
evelin,,Evelin,,1,,5/24/2024 2:55
evelina,,Evelina,,1,,5/24/2024 2:55
eveline,,Eveline,,1,,5/24/2024 2:55
evelyn,,Evelyn,,1,,5/24/2024 2:55
evi,,Evi,,1,,5/24/2024 2:55
evin,,Evin,,1,,5/24/2024 2:55
evy,,Evy,,1,,5/24/2024 2:55
ewa,,Ewa,,1,,5/24/2024 2:55
ewelina,,Ewelina,,1,,5/24/2024 2:55
eyd√≠s,,Eyd√≠s,,1,,5/24/2024 2:55
fanni,,Fanni,,1,,5/24/2024 2:55
fanny,,Fanny,,1,,5/24/2024 2:55
farah,,Farah,,1,,5/24/2024 2:55
fatima,,Fatima,,1,,5/24/2024 2:55
felippa,,Felippa,,1,,5/24/2024 2:55
fia,,Fia,,1,,5/24/2024 2:55
fie,,Fie,,1,,5/24/2024 2:55
fiona,,Fiona,,1,,5/24/2024 2:55
flora,,Flora,,1,,5/24/2024 2:55
flor·,,Flor·,,1,,5/24/2024 2:55
florence,,Florence,,1,,5/24/2024 2:55
fr√∏ya,,Fr√∏ya,,1,,5/24/2024 2:55
fr√≠da,,Fr√≠da,,1,,5/24/2024 2:55
francesca,,Francesca,,1,,5/24/2024 2:55
franziska,,Franziska,,1,,5/24/2024 2:55
frederikke,,Frederikke,,1,,5/24/2024 2:55
fredrika,,Fredrika,,1,,5/24/2024 2:55
fredrikke,,Fredrikke,,1,,5/24/2024 2:55
freya,,Freya,,1,,5/24/2024 2:55
fride,,Fride,,1,,5/24/2024 2:55
fridrika,,Fridrika,,1,,5/24/2024 2:55
fr¯ya,,Fr¯ya,,1,,5/24/2024 2:55
fr¯ydis,,Fr¯ydis,,1,,5/24/2024 2:55
g√∂ta,,G√∂ta,,1,,5/24/2024 2:55
gabriela,,Gabriela,,1,,5/24/2024 2:55
gabriele,,Gabriele,,1,,5/24/2024 2:55
gabriella,,Gabriella,,1,,5/24/2024 2:55
gabrielle,,Gabrielle,,1,,5/24/2024 2:55
g·ddj·,,G·ddj·,,1,,5/24/2024 2:55
g·hte,,G·hte,,1,,5/24/2024 2:55
g·hteriinn·,,G·hteriinn·,,1,,5/24/2024 2:55
gaia,,Gaia,,1,,5/24/2024 2:55
galina,,Galina,,1,,5/24/2024 2:55
g·re,,G·re,,1,,5/24/2024 2:55
g·ren,,G·ren,,1,,5/24/2024 2:55
geal·,,Geal·,,1,,5/24/2024 2:55
geard·,,Geard·,,1,,5/24/2024 2:55
gearte,,Gearte,,1,,5/24/2024 2:55
gerd,,Gerd,,1,,5/24/2024 2:55
gerda,,Gerda,,1,,5/24/2024 2:55
gertie,,Gertie,,1,,5/24/2024 2:55
gertrud,,Gertrud,,1,,5/24/2024 2:55
ghita,,Ghita,,1,,5/24/2024 2:55
gi?eö,,Gi?eö,,1,,5/24/2024 2:55
gier·,,Gier·,,1,,5/24/2024 2:55
gina,,Gina,,1,,5/24/2024 2:55
girste,,Girste,,1,,5/24/2024 2:55
gisela,,Gisela,,1,,5/24/2024 2:55
giste,,Giste,,1,,5/24/2024 2:55
gittan,,Gittan,,1,,5/24/2024 2:55
gitte,,Gitte,,1,,5/24/2024 2:55
gjertrud,,Gjertrud,,1,,5/24/2024 2:55
gladys,,Gladys,,1,,5/24/2024 2:55
gloria,,Gloria,,1,,5/24/2024 2:55
goll·,,Goll·,,1,,5/24/2024 2:55
gˆrel,,Gˆrel,,1,,5/24/2024 2:55
g¯ril,,G¯ril,,1,,5/24/2024 2:55
gˆta,,Gˆta,,1,,5/24/2024 2:55
gr√©ta,,Gr√©ta,,1,,5/24/2024 2:55
gr√≥a,,Gr√≥a,,1,,5/24/2024 2:55
grace,,Grace,,1,,5/24/2024 2:55
grete,,Grete,,1,,5/24/2024 2:55
gretel,,Gretel,,1,,5/24/2024 2:55
gretha,,Gretha,,1,,5/24/2024 2:55
grethe,,Grethe,,1,,5/24/2024 2:55
gro,,Gro,,1,,5/24/2024 2:55
gry,,Gry,,1,,5/24/2024 2:55
gudlaug,,Gudlaug,,1,,5/24/2024 2:55
gudr√≠dur,,Gudr√≠dur,,1,,5/24/2024 2:55
gudr√∫n,,Gudr√∫n,,1,,5/24/2024 2:55
gudrun,,Gudrun,,1,,5/24/2024 2:55
gull,,Gull,,1,,5/24/2024 2:55
gullan,,Gullan,,1,,5/24/2024 2:55
gulli,,Gulli,,1,,5/24/2024 2:55
gullvi,,Gullvi,,1,,5/24/2024 2:55
gun,,Gun,,1,,5/24/2024 2:55
gunborg,,Gunborg,,1,,5/24/2024 2:55
gunbritt,,Gunbritt,,1,,5/24/2024 2:55
gunda,,Gunda,,1,,5/24/2024 2:55
gunhild,,Gunhild,,1,,5/24/2024 2:55
gunhilda,,Gunhilda,,1,,5/24/2024 2:55
gunilla,,Gunilla,,1,,5/24/2024 2:55
gunn,,Gunn,,1,,5/24/2024 2:55
gunna,,Gunna,,1,,5/24/2024 2:55
gunn·,,Gunn·,,1,,5/24/2024 2:55
gunnel,,Gunnel,,1,,5/24/2024 2:55
gunnhild,,Gunnhild,,1,,5/24/2024 2:55
gunnhildur,,Gunnhildur,,1,,5/24/2024 2:55
gunni,,Gunni,,1,,5/24/2024 2:55
gunnvor,,Gunnvor,,1,,5/24/2024 2:55
gunn˝,,Gunn˝,,1,,5/24/2024 2:55
gunvor,,Gunvor,,1,,5/24/2024 2:55
guri,,Guri,,1,,5/24/2024 2:55
gurli,,Gurli,,1,,5/24/2024 2:55
guro,,Guro,,1,,5/24/2024 2:55
gustava,,Gustava,,1,,5/24/2024 2:55
gutnel,,Gutnel,,1,,5/24/2024 2:55
gyda,,Gyda,,1,,5/24/2024 2:55
h√≥lmfr√≠dur,,H√≥lmfr√≠dur,,1,,5/24/2024 2:55
hafd√≠s,,Hafd√≠s,,1,,5/24/2024 2:55
hailey,,Hailey,,1,,5/24/2024 2:55
haldis,,Haldis,,1,,5/24/2024 2:55
halina,,Halina,,1,,5/24/2024 2:55
halld√≥ra,,Halld√≥ra,,1,,5/24/2024 2:55
halldis,,Halldis,,1,,5/24/2024 2:55
hana,,Hana,,1,,5/24/2024 2:55
h·nna,,H·nna,,1,,5/24/2024 2:55
h·nn·,,H·nn·,,1,,5/24/2024 2:55
hannah,,Hannah,,1,,5/24/2024 2:55
hanne,,Hanne,,1,,5/24/2024 2:55
hannele,,Hannele,,1,,5/24/2024 2:55
harpa,,Harpa,,1,,5/24/2024 2:55
harriet,,Harriet,,1,,5/24/2024 2:55
heba,,Heba,,1,,5/24/2024 2:55
hedvig,,Hedvig,,1,,5/24/2024 2:55
hege,,Hege,,1,,5/24/2024 2:55
heide,,Heide,,1,,5/24/2024 2:55
heidi,,Heidi,,1,,5/24/2024 2:55
heidr√∫n,,Heidr√∫n,,1,,5/24/2024 2:55
heini,,Heini,,1,,5/24/2024 2:55
helbme,,Helbme,,1,,5/24/2024 2:55
heleainn·,,Heleainn·,,1,,5/24/2024 2:55
heleena,,Heleena,,1,,5/24/2024 2:55
helen,,Helen,,1,,5/24/2024 2:55
helÈn,,HelÈn,,1,,5/24/2024 2:55
helena,,Helena,,1,,5/24/2024 2:55
helen·,,Helen·,,1,,5/24/2024 2:55
helene,,Helene,,1,,5/24/2024 2:55
helÈne,,HelÈne,,1,,5/24/2024 2:55
helg·,,Helg·,,1,,5/24/2024 2:55
heli,,Heli,,1,,5/24/2024 2:55
helin,,Helin,,1,,5/24/2024 2:55
helin‰,,Helin‰,,1,,5/24/2024 2:55
helj‰,,Helj‰,,1,,5/24/2024 2:55
helka,,Helka,,1,,5/24/2024 2:55
hella,,Hella,,1,,5/24/2024 2:55
hell‰,,Hell‰,,1,,5/24/2024 2:55
hell√§,,Hell√§,,1,,5/24/2024 2:55
helle,,Helle,,1,,5/24/2024 2:55
hellen,,Hellen,,1,,5/24/2024 2:55
hellevi,,Hellevi,,1,,5/24/2024 2:55
helli,,Helli,,1,,5/24/2024 2:55
hellin,,Hellin,,1,,5/24/2024 2:55
helmi,,Helmi,,1,,5/24/2024 2:55
helmiina,,Helmiina,,1,,5/24/2024 2:55
helve,,Helve,,1,,5/24/2024 2:55
helvi,,Helvi,,1,,5/24/2024 2:55
hely,,Hely,,1,,5/24/2024 2:55
henna,,Henna,,1,,5/24/2024 2:55
henn·,,Henn·,,1,,5/24/2024 2:55
henni,,Henni,,1,,5/24/2024 2:55
hennie,,Hennie,,1,,5/24/2024 2:55
henny,,Henny,,1,,5/24/2024 2:55
henrietta,,Henrietta,,1,,5/24/2024 2:55
henriette,,Henriette,,1,,5/24/2024 2:55
henriikka,,Henriikka,,1,,5/24/2024 2:55
henrika,,Henrika,,1,,5/24/2024 2:55
herdis,,Herdis,,1,,5/24/2024 2:55
hermine,,Hermine,,1,,5/24/2024 2:55
hertta,,Hertta,,1,,5/24/2024 2:55
heta,,Heta,,1,,5/24/2024 2:55
hilbm·,,Hilbm·,,1,,5/24/2024 2:55
hild·,,Hild·,,1,,5/24/2024 2:55
hilde,,Hilde,,1,,5/24/2024 2:55
hildegard,,Hildegard,,1,,5/24/2024 2:55
hildegunn,,Hildegunn,,1,,5/24/2024 2:55
hildigunnur,,Hildigunnur,,1,,5/24/2024 2:55
hildur,,Hildur,,1,,5/24/2024 2:55
hilja,,Hilja,,1,,5/24/2024 2:55
hilk·,,Hilk·,,1,,5/24/2024 2:55
hilkka,,Hilkka,,1,,5/24/2024 2:55
hilla,,Hilla,,1,,5/24/2024 2:55
hill·,,Hill·,,1,,5/24/2024 2:55
hillevi,,Hillevi,,1,,5/24/2024 2:55
hj√∏rdis,,Hj√∏rdis,,1,,5/24/2024 2:55
hj√∂rd√≠s,,Hj√∂rd√≠s,,1,,5/24/2024 2:55
hj√∂rdis,,Hj√∂rdis,,1,,5/24/2024 2:55
hjˆrdis,,Hjˆrdis,,1,,5/24/2024 2:55
hj¯rdis,,Hj¯rdis,,1,,5/24/2024 2:55
hl√≠f,,Hl√≠f,,1,,5/24/2024 2:55
holly,,Holly,,1,,5/24/2024 2:55
hr√∂nn,,Hr√∂nn,,1,,5/24/2024 2:55
hrafnhildur,,Hrafnhildur,,1,,5/24/2024 2:55
hrefna,,Hrefna,,1,,5/24/2024 2:55
hulda,,Hulda,,1,,5/24/2024 2:55
ia,,Ia,,1,,5/24/2024 2:55
ibb·,,Ibb·,,1,,5/24/2024 2:55
iben,,Iben,,1,,5/24/2024 2:55
idun,,Idun,,1,,5/24/2024 2:55
idunn,,Idunn,,1,,5/24/2024 2:55
ieva,,Ieva,,1,,5/24/2024 2:55
ihanelma,,Ihanelma,,1,,5/24/2024 2:55
iida,,Iida,,1,,5/24/2024 2:55
iid·,,Iid·,,1,,5/24/2024 2:55
iidd·,,Iidd·,,1,,5/24/2024 2:55
iina,,Iina,,1,,5/24/2024 2:55
iines,,Iines,,1,,5/24/2024 2:55
iinn·,,Iinn·,,1,,5/24/2024 2:55
iiris,,Iiris,,1,,5/24/2024 2:55
iisa,,Iisa,,1,,5/24/2024 2:55
iita,,Iita,,1,,5/24/2024 2:55
ikk·,,Ikk·,,1,,5/24/2024 2:55
ilma,,Ilma,,1,,5/24/2024 2:55
ilmi,,Ilmi,,1,,5/24/2024 2:55
ilona,,Ilona,,1,,5/24/2024 2:55
ilse,,Ilse,,1,,5/24/2024 2:55
ilta,,Ilta,,1,,5/24/2024 2:55
impi,,Impi,,1,,5/24/2024 2:55
ina,,Ina,,1,,5/24/2024 2:55
inari,,Inari,,1,,5/24/2024 2:55
indira,,Indira,,1,,5/24/2024 2:55
indra,,Indra,,1,,5/24/2024 2:55
ine,,Ine,,1,,5/24/2024 2:55
inez,,Inez,,1,,5/24/2024 2:55
inga,,Inga,,1,,5/24/2024 2:55
ingalill,,Ingalill,,1,,5/24/2024 2:55
ingbritt,,Ingbritt,,1,,5/24/2024 2:55
inge,,Inge,,1,,5/24/2024 2:55
ingebj√∏rg,,Ingebj√∏rg,,1,,5/24/2024 2:55
ingebj¯rg,,Ingebj¯rg,,1,,5/24/2024 2:55
ingeborg,,Ingeborg,,1,,5/24/2024 2:55
ingeg√§rd,,Ingeg√§rd,,1,,5/24/2024 2:55
ingeg‰rd,,Ingeg‰rd,,1,,5/24/2024 2:55
ingegerd,,Ingegerd,,1,,5/24/2024 2:55
ingela,,Ingela,,1,,5/24/2024 2:55
ingelise,,Ingelise,,1,,5/24/2024 2:55
inger,,Inger,,1,,5/24/2024 2:55
ingerid,,Ingerid,,1,,5/24/2024 2:55
ingerlise,,Ingerlise,,1,,5/24/2024 2:55
ingibj√∂rg,,Ingibj√∂rg,,1,,5/24/2024 2:55
ingjerd,,Ingjerd,,1,,5/24/2024 2:55
ingun,,Ingun,,1,,5/24/2024 2:55
ingunn,,Ingunn,,1,,5/24/2024 2:55
ingvild,,Ingvild,,1,,5/24/2024 2:55
ingvill,,Ingvill,,1,,5/24/2024 2:55
ingvor,,Ingvor,,1,,5/24/2024 2:55
inka,,Inka,,1,,5/24/2024 2:55
inkeri,,Inkeri,,1,,5/24/2024 2:55
inna,,Inna,,1,,5/24/2024 2:55
ira,,Ira,,1,,5/24/2024 2:55
irbm·,,Irbm·,,1,,5/24/2024 2:55
ireene,,Ireene,,1,,5/24/2024 2:55
iren,,Iren,,1,,5/24/2024 2:55
irena,,Irena,,1,,5/24/2024 2:55
irene,,Irene,,1,,5/24/2024 2:55
irÈne,,IrÈne,,1,,5/24/2024 2:55
irina,,Irina,,1,,5/24/2024 2:55
irja,,Irja,,1,,5/24/2024 2:55
irma,,Irma,,1,,5/24/2024 2:55
irmeli,,Irmeli,,1,,5/24/2024 2:55
irmelin,,Irmelin,,1,,5/24/2024 2:55
iryna,,Iryna,,1,,5/24/2024 2:55
isa,,Isa,,1,,5/24/2024 2:55
is·,,Is·,,1,,5/24/2024 2:55
isabel,,Isabel,,1,,5/24/2024 2:55
isabell,,Isabell,,1,,5/24/2024 2:55
iselin,,Iselin,,1,,5/24/2024 2:55
isla,,Isla,,1,,5/24/2024 2:55
isolde,,Isolde,,1,,5/24/2024 2:55
Õunn,,Õunn,,1,,5/24/2024 2:55
iva,,Iva,,1,,5/24/2024 2:55
ivana,,Ivana,,1,,5/24/2024 2:55
ivy,,Ivy,,1,,5/24/2024 2:55
iwona,,Iwona,,1,,5/24/2024 2:55
iza,,Iza,,1,,5/24/2024 2:55
izabela,,Izabela,,1,,5/24/2024 2:55
izabella,,Izabella,,1,,5/24/2024 2:55
izabelle,,Izabelle,,1,,5/24/2024 2:55
j√≥hanna,,J√≥hanna,,1,,5/24/2024 2:55
j√≥na,,J√≥na,,1,,5/24/2024 2:55
jaana,,Jaana,,1,,5/24/2024 2:55
jacobine,,Jacobine,,1,,5/24/2024 2:55
jacqueline,,Jacqueline,,1,,5/24/2024 2:55
jade,,Jade,,1,,5/24/2024 2:55
jana,,Jana,,1,,5/24/2024 2:55
jane,,Jane,,1,,5/24/2024 2:55
janet,,Janet,,1,,5/24/2024 2:55
janette,,Janette,,1,,5/24/2024 2:55
janica,,Janica,,1,,5/24/2024 2:55
janicke,,Janicke,,1,,5/24/2024 2:55
janiht·,,Janiht·,,1,,5/24/2024 2:55
janiinn·,,Janiinn·,,1,,5/24/2024 2:55
janika,,Janika,,1,,5/24/2024 2:55
janina,,Janina,,1,,5/24/2024 2:55
janita,,Janita,,1,,5/24/2024 2:55
janna,,Janna,,1,,5/24/2024 2:55
janne,,Janne,,1,,5/24/2024 2:55
janni,,Janni,,1,,5/24/2024 2:55
jannica,,Jannica,,1,,5/24/2024 2:55
jannicke,,Jannicke,,1,,5/24/2024 2:55
jannie,,Jannie,,1,,5/24/2024 2:55
jannika,,Jannika,,1,,5/24/2024 2:55
jannike,,Jannike,,1,,5/24/2024 2:55
j√∫l√≠a,,J√∫l√≠a,,1,,5/24/2024 2:55
jask·,,Jask·,,1,,5/24/2024 2:55
jasmiina,,Jasmiina,,1,,5/24/2024 2:55
jasmin,,Jasmin,,1,,5/24/2024 2:55
jasmina,,Jasmina,,1,,5/24/2024 2:55
jean,,Jean,,1,,5/24/2024 2:55
jeanet,,Jeanet,,1,,5/24/2024 2:55
jeanett,,Jeanett,,1,,5/24/2024 2:55
jeanette,,Jeanette,,1,,5/24/2024 2:55
jeanne,,Jeanne,,1,,5/24/2024 2:55
jeannette,,Jeannette,,1,,5/24/2024 2:55
jekaterina,,Jekaterina,,1,,5/24/2024 2:55
jelena,,Jelena,,1,,5/24/2024 2:55
jemina,,Jemina,,1,,5/24/2024 2:55
jenna,,Jenna,,1,,5/24/2024 2:55
jenni,,Jenni,,1,,5/24/2024 2:55
jennie,,Jennie,,1,,5/24/2024 2:55
jennifer,,Jennifer,,1,,5/24/2024 2:55
jessica,,Jessica,,1,,5/24/2024 2:55
jessie,,Jessie,,1,,5/24/2024 2:55
jessika,,Jessika,,1,,5/24/2024 2:55
jette,,Jette,,1,,5/24/2024 2:55
jill,,Jill,,1,,5/24/2024 2:55
joan,,Joan,,1,,5/24/2024 2:55
joana,,Joana,,1,,5/24/2024 2:55
joanna,,Joanna,,1,,5/24/2024 2:55
johanna,,Johanna,,1,,5/24/2024 2:55
joh·nn·,,Joh·nn·,,1,,5/24/2024 2:55
johanne,,Johanne,,1,,5/24/2024 2:55
jolanta,,Jolanta,,1,,5/24/2024 2:55
jonna,,Jonna,,1,,5/24/2024 2:55
jorid,,Jorid,,1,,5/24/2024 2:55
jorun,,Jorun,,1,,5/24/2024 2:55
jorunn,,Jorunn,,1,,5/24/2024 2:55
josefiina,,Josefiina,,1,,5/24/2024 2:55
josefin,,Josefin,,1,,5/24/2024 2:55
josefina,,Josefina,,1,,5/24/2024 2:55
josefine,,Josefine,,1,,5/24/2024 2:55
josephine,,Josephine,,1,,5/24/2024 2:55
joy,,Joy,,1,,5/24/2024 2:55
joyce,,Joyce,,1,,5/24/2024 2:55
judet,,Judet,,1,,5/24/2024 2:55
judit,,Judit,,1,,5/24/2024 2:55
judith,,Judith,,1,,5/24/2024 2:55
judy,,Judy,,1,,5/24/2024 2:55
juh·nn·,,Juh·nn·,,1,,5/24/2024 2:55
juliaana,,Juliaana,,1,,5/24/2024 2:55
juliana,,Juliana,,1,,5/24/2024 2:55
juliane,,Juliane,,1,,5/24/2024 2:55
julianna,,Julianna,,1,,5/24/2024 2:55
julianne,,Julianne,,1,,5/24/2024 2:55
juliet,,Juliet,,1,,5/24/2024 2:55
juliette,,Juliette,,1,,5/24/2024 2:55
julija,,Julija,,1,,5/24/2024 2:55
julj·,,Julj·,,1,,5/24/2024 2:55
june,,June,,1,,5/24/2024 2:55
junie,,Junie,,1,,5/24/2024 2:55
juno,,Juno,,1,,5/24/2024 2:55
juoks·hkk·,,Juoks·hkk·,,1,,5/24/2024 2:55
justiina,,Justiina,,1,,5/24/2024 2:55
justina,,Justina,,1,,5/24/2024 2:55
justyna,,Justyna,,1,,5/24/2024 2:55
jutta,,Jutta,,1,,5/24/2024 2:55
juuli,,Juuli,,1,,5/24/2024 2:55
juulia,,Juulia,,1,,5/24/2024 2:55
jytte,,Jytte,,1,,5/24/2024 2:55
kaarin,,Kaarin,,1,,5/24/2024 2:55
kaarina,,Kaarina,,1,,5/24/2024 2:55
k·htariinn·,,K·htariinn·,,1,,5/24/2024 2:55
kaia,,Kaia,,1,,5/24/2024 2:55
kaija,,Kaija,,1,,5/24/2024 2:55
kaisa,,Kaisa,,1,,5/24/2024 2:55
kaisla,,Kaisla,,1,,5/24/2024 2:55
kaisu,,Kaisu,,1,,5/24/2024 2:55
kaja,,Kaja,,1,,5/24/2024 2:55
kajsa,,Kajsa,,1,,5/24/2024 2:55
kamila,,Kamila,,1,,5/24/2024 2:55
kamilla,,Kamilla,,1,,5/24/2024 2:55
kamille,,Kamille,,1,,5/24/2024 2:55
kamma,,Kamma,,1,,5/24/2024 2:55
kanerva,,Kanerva,,1,,5/24/2024 2:55
k·re,,K·re,,1,,5/24/2024 2:55
karen,,Karen,,1,,5/24/2024 2:55
k·ren,,K·ren,,1,,5/24/2024 2:55
kari,,Kari,,1,,5/24/2024 2:55
karianne,,Karianne,,1,,5/24/2024 2:55
kariinn·,,Kariinn·,,1,,5/24/2024 2:55
karin,,Karin,,1,,5/24/2024 2:55
karina,,Karina,,1,,5/24/2024 2:55
karine,,Karine,,1,,5/24/2024 2:55
karita,,Karita,,1,,5/24/2024 2:55
karla,,Karla,,1,,5/24/2024 2:55
karna,,Karna,,1,,5/24/2024 2:55
karoliina,,Karoliina,,1,,5/24/2024 2:55
karoliinn·,,Karoliinn·,,1,,5/24/2024 2:55
karolin,,Karolin,,1,,5/24/2024 2:55
karolina,,Karolina,,1,,5/24/2024 2:55
kata,,Kata,,1,,5/24/2024 2:55
katalin,,Katalin,,1,,5/24/2024 2:55
katariina,,Katariina,,1,,5/24/2024 2:55
katarina,,Katarina,,1,,5/24/2024 2:55
kate,,Kate,,1,,5/24/2024 2:55
katerina,,Katerina,,1,,5/24/2024 2:55
kateryna,,Kateryna,,1,,5/24/2024 2:55
katharina,,Katharina,,1,,5/24/2024 2:55
kathe,,Kathe,,1,,5/24/2024 2:55
k‰the,,K‰the,,1,,5/24/2024 2:55
katherine,,Katherine,,1,,5/24/2024 2:55
kathleen,,Kathleen,,1,,5/24/2024 2:55
kathrin,,Kathrin,,1,,5/24/2024 2:55
kathrine,,Kathrine,,1,,5/24/2024 2:55
kati,,Kati,,1,,5/24/2024 2:55
katia,,Katia,,1,,5/24/2024 2:55
katinka,,Katinka,,1,,5/24/2024 2:55
katja,,Katja,,1,,5/24/2024 2:55
katr√≠n,,Katr√≠n,,1,,5/24/2024 2:55
katri,,Katri,,1,,5/24/2024 2:55
katriina,,Katriina,,1,,5/24/2024 2:55
katrina,,Katrina,,1,,5/24/2024 2:55
katrine,,Katrine,,1,,5/24/2024 2:55
kaya,,Kaya,,1,,5/24/2024 2:55
kearte,,Kearte,,1,,5/24/2024 2:55
kelly,,Kelly,,1,,5/24/2024 2:55
kersti,,Kersti,,1,,5/24/2024 2:55
kerstin,,Kerstin,,1,,5/24/2024 2:55
kerttu,,Kerttu,,1,,5/24/2024 2:55
kerttuli,,Kerttuli,,1,,5/24/2024 2:55
ketty,,Ketty,,1,,5/24/2024 2:55
kia,,Kia,,1,,5/24/2024 2:55
kiara,,Kiara,,1,,5/24/2024 2:55
kicki,,Kicki,,1,,5/24/2024 2:55
kielo,,Kielo,,1,,5/24/2024 2:55
kiia,,Kiia,,1,,5/24/2024 2:55
kiira,,Kiira,,1,,5/24/2024 2:55
kim,,Kim,,1,,5/24/2024 2:55
kimberly,,Kimberly,,1,,5/24/2024 2:55
kimmie,,Kimmie,,1,,5/24/2024 2:55
kine,,Kine,,1,,5/24/2024 2:55
kinga,,Kinga,,1,,5/24/2024 2:55
kira,,Kira,,1,,5/24/2024 2:55
kirsi,,Kirsi,,1,,5/24/2024 2:55
kirsikka,,Kirsikka,,1,,5/24/2024 2:55
kirste,,Kirste,,1,,5/24/2024 2:55
kirsten,,Kirsten,,1,,5/24/2024 2:55
kirsti,,Kirsti,,1,,5/24/2024 2:55
kirstine,,Kirstine,,1,,5/24/2024 2:55
kit,,Kit,,1,,5/24/2024 2:55
kitty,,Kitty,,1,,5/24/2024 2:55
kjellaug,,Kjellaug,,1,,5/24/2024 2:55
kjellfrid,,Kjellfrid,,1,,5/24/2024 2:55
kjersti,,Kjersti,,1,,5/24/2024 2:55
kjerstin,,Kjerstin,,1,,5/24/2024 2:55
klaudia,,Klaudia,,1,,5/24/2024 2:55
kornelia,,Kornelia,,1,,5/24/2024 2:55
kreeta,,Kreeta,,1,,5/24/2024 2:55
krihke,,Krihke,,1,,5/24/2024 2:55
krista,,Krista,,1,,5/24/2024 2:55
krist√≠n,,Krist√≠n,,1,,5/24/2024 2:55
kristel,,Kristel,,1,,5/24/2024 2:55
kristi,,Kristi,,1,,5/24/2024 2:55
kristiane,,Kristiane,,1,,5/24/2024 2:55
kristiina,,Kristiina,,1,,5/24/2024 2:55
kristiinn·,,Kristiinn·,,1,,5/24/2024 2:55
kristina,,Kristina,,1,,5/24/2024 2:55
kristine,,Kristine,,1,,5/24/2024 2:55
kristjana,,Kristjana,,1,,5/24/2024 2:55
krystyna,,Krystyna,,1,,5/24/2024 2:55
ksenia,,Ksenia,,1,,5/24/2024 2:55
kukka,,Kukka,,1,,5/24/2024 2:55
kustaava,,Kustaava,,1,,5/24/2024 2:55
kylli,,Kylli,,1,,5/24/2024 2:55
kyllikki,,Kyllikki,,1,,5/24/2024 2:55
l√°ra,,L√°ra,,1,,5/24/2024 2:55
l√¶rke,,L√¶rke,,1,,5/24/2024 2:55
lÊrke,,LÊrke,,1,,5/24/2024 2:55
lahja,,Lahja,,1,,5/24/2024 2:55
l·idn·,,L·idn·,,1,,5/24/2024 2:55
laila,,Laila,,1,,5/24/2024 2:55
l·il·,,L·il·,,1,,5/24/2024 2:55
laimi,,Laimi,,1,,5/24/2024 2:55
laina,,Laina,,1,,5/24/2024 2:55
lajla,,Lajla,,1,,5/24/2024 2:55
lana,,Lana,,1,,5/24/2024 2:55
lara,,Lara,,1,,5/24/2024 2:55
larisa,,Larisa,,1,,5/24/2024 2:55
larissa,,Larissa,,1,,5/24/2024 2:55
lÂttsÂ,,LÂttsÂ,,1,,5/24/2024 2:55
laura,,Laura,,1,,5/24/2024 2:55
lava,,Lava,,1,,5/24/2024 2:55
l·vr·,,L·vr·,,1,,5/24/2024 2:55
layla,,Layla,,1,,5/24/2024 2:55
lea,,Lea,,1,,5/24/2024 2:55
leainn·,,Leainn·,,1,,5/24/2024 2:55
leandu,,Leandu,,1,,5/24/2024 2:55
leea,,Leea,,1,,5/24/2024 2:55
leen,,Leen,,1,,5/24/2024 2:55
leena,,Leena,,1,,5/24/2024 2:55
leila,,Leila,,1,,5/24/2024 2:55
leinn·,,Leinn·,,1,,5/24/2024 2:55
lej·,,Lej·,,1,,5/24/2024 2:55
lejla,,Lejla,,1,,5/24/2024 2:55
lemmikki,,Lemmikki,,1,,5/24/2024 2:55
lempi,,Lempi,,1,,5/24/2024 2:55
lena,,Lena,,1,,5/24/2024 2:55
len·,,Len·,,1,,5/24/2024 2:55
lene,,Lene,,1,,5/24/2024 2:55
lenette,,Lenette,,1,,5/24/2024 2:55
leni,,Leni,,1,,5/24/2024 2:55
lenita,,Lenita,,1,,5/24/2024 2:55
leona,,Leona,,1,,5/24/2024 2:55
leonie,,Leonie,,1,,5/24/2024 2:55
leonora,,Leonora,,1,,5/24/2024 2:55
leyla,,Leyla,,1,,5/24/2024 2:55
li,,Li,,1,,5/24/2024 2:55
lia,,Lia,,1,,5/24/2024 2:55
liana,,Liana,,1,,5/24/2024 2:55
lidia,,Lidia,,1,,5/24/2024 2:55
lieddi,,Lieddi,,1,,5/24/2024 2:55
liina,,Liina,,1,,5/24/2024 2:55
liisa,,Liisa,,1,,5/24/2024 2:55
liis·,,Liis·,,1,,5/24/2024 2:55
liisi,,Liisi,,1,,5/24/2024 2:55
liiss·,,Liiss·,,1,,5/24/2024 2:55
lila,,Lila,,1,,5/24/2024 2:55
lili,,Lili,,1,,5/24/2024 2:55
lilia,,Lilia,,1,,5/24/2024 2:55
lilian,,Lilian,,1,,5/24/2024 2:55
liliana,,Liliana,,1,,5/24/2024 2:55
lilja,,Lilja,,1,,5/24/2024 2:55
lilj·,,Lilj·,,1,,5/24/2024 2:55
lilje,,Lilje,,1,,5/24/2024 2:55
lill,,Lill,,1,,5/24/2024 2:55
lillemor,,Lillemor,,1,,5/24/2024 2:55
lilli,,Lilli,,1,,5/24/2024 2:55
lillian,,Lillian,,1,,5/24/2024 2:55
lillie,,Lillie,,1,,5/24/2024 2:55
lill˝,,Lill˝,,1,,5/24/2024 2:55
lily,,Lily,,1,,5/24/2024 2:55
lin,,Lin,,1,,5/24/2024 2:55
lina,,Lina,,1,,5/24/2024 2:55
linda,,Linda,,1,,5/24/2024 2:55
lind·,,Lind·,,1,,5/24/2024 2:55
line,,Line,,1,,5/24/2024 2:55
linea,,Linea,,1,,5/24/2024 2:55
linette,,Linette,,1,,5/24/2024 2:55
linn√©a,,Linn√©a,,1,,5/24/2024 2:55
linne,,Linne,,1,,5/24/2024 2:55
linnÈa,,LinnÈa,,1,,5/24/2024 2:55
lis,,Lis,,1,,5/24/2024 2:55
lisbet,,Lisbet,,1,,5/24/2024 2:55
lisbeth,,Lisbeth,,1,,5/24/2024 2:55
lise,,Lise,,1,,5/24/2024 2:55
liselott,,Liselott,,1,,5/24/2024 2:55
liselotte,,Liselotte,,1,,5/24/2024 2:55
lisen,,Lisen,,1,,5/24/2024 2:55
lisette,,Lisette,,1,,5/24/2024 2:55
liss,,Liss,,1,,5/24/2024 2:55
lissi,,Lissi,,1,,5/24/2024 2:55
lissie,,Lissie,,1,,5/24/2024 2:55
lissy,,Lissy,,1,,5/24/2024 2:55
liva,,Liva,,1,,5/24/2024 2:55
livli,,Livli,,1,,5/24/2024 2:55
liz,,Liz,,1,,5/24/2024 2:55
liza,,Liza,,1,,5/24/2024 2:55
lizette,,Lizette,,1,,5/24/2024 2:55
lizzi,,Lizzi,,1,,5/24/2024 2:55
lizzie,,Lizzie,,1,,5/24/2024 2:55
lo,,Lo,,1,,5/24/2024 2:55
lohcca,,Lohcca,,1,,5/24/2024 2:55
lohtt·,,Lohtt·,,1,,5/24/2024 2:55
lola,,Lola,,1,,5/24/2024 2:55
lone,,Lone,,1,,5/24/2024 2:55
lonni,,Lonni,,1,,5/24/2024 2:55
lonnie,,Lonnie,,1,,5/24/2024 2:55
lorena,,Lorena,,1,,5/24/2024 2:55
lorin,,Lorin,,1,,5/24/2024 2:55
lotta,,Lotta,,1,,5/24/2024 2:55
lott·,,Lott·,,1,,5/24/2024 2:55
lotte,,Lotte,,1,,5/24/2024 2:55
lotten,,Lotten,,1,,5/24/2024 2:55
lottie,,Lottie,,1,,5/24/2024 2:55
lou,,Lou,,1,,5/24/2024 2:55
louisa,,Louisa,,1,,5/24/2024 2:55
louise,,Louise,,1,,5/24/2024 2:55
loviisa,,Loviisa,,1,,5/24/2024 2:55
lovise,,Lovise,,1,,5/24/2024 2:55
lowa,,Lowa,,1,,5/24/2024 2:55
lucia,,Lucia,,1,,5/24/2024 2:55
lucie,,Lucie,,1,,5/24/2024 2:55
lucy,,Lucy,,1,,5/24/2024 2:55
ludmila,,Ludmila,,1,,5/24/2024 2:55
luisa,,Luisa,,1,,5/24/2024 2:55
luise,,Luise,,1,,5/24/2024 2:55
lulu,,Lulu,,1,,5/24/2024 2:55
lumi,,Lumi,,1,,5/24/2024 2:55
lumia,,Lumia,,1,,5/24/2024 2:55
luviiss·,,Luviiss·,,1,,5/24/2024 2:55
lydia,,Lydia,,1,,5/24/2024 2:55
lynn,,Lynn,,1,,5/24/2024 2:55
lyydi,,Lyydi,,1,,5/24/2024 2:55
lyydia,,Lyydia,,1,,5/24/2024 2:55
lyyli,,Lyyli,,1,,5/24/2024 2:55
lyyti,,Lyyti,,1,,5/24/2024 2:55
m√¶ja,,M√¶ja,,1,,5/24/2024 2:55
m√§rta,,M√§rta,,1,,5/24/2024 2:55
m√§rtha,,M√§rtha,,1,,5/24/2024 2:55
m√•lfrid,,M√•lfrid,,1,,5/24/2024 2:55
maaret,,Maaret,,1,,5/24/2024 2:55
maaria,,Maaria,,1,,5/24/2024 2:55
maarika,,Maarika,,1,,5/24/2024 2:55
maarit,,Maarit,,1,,5/24/2024 2:55
maarja,,Maarja,,1,,5/24/2024 2:55
m·ddj·,,M·ddj·,,1,,5/24/2024 2:55
m·ddji,,M·ddji,,1,,5/24/2024 2:55
madelaine,,Madelaine,,1,,5/24/2024 2:55
madeleine,,Madeleine,,1,,5/24/2024 2:55
madelen,,Madelen,,1,,5/24/2024 2:55
madelene,,Madelene,,1,,5/24/2024 2:55
madicken,,Madicken,,1,,5/24/2024 2:55
maeja,,Maeja,,1,,5/24/2024 2:55
magda,,Magda,,1,,5/24/2024 2:55
magdalena,,Magdalena,,1,,5/24/2024 2:55
magga,,Magga,,1,,5/24/2024 2:55
m·gg·,,M·gg·,,1,,5/24/2024 2:55
maggi,,Maggi,,1,,5/24/2024 2:55
maggie,,Maggie,,1,,5/24/2024 2:55
magnhild,,Magnhild,,1,,5/24/2024 2:55
magred·,,Magred·,,1,,5/24/2024 2:55
m·gred·,,M·gred·,,1,,5/24/2024 2:55
mai,,Mai,,1,,5/24/2024 2:55
maia,,Maia,,1,,5/24/2024 2:55
maibritt,,Maibritt,,1,,5/24/2024 2:55
maida,,Maida,,1,,5/24/2024 2:55
m·idna,,M·idna,,1,,5/24/2024 2:55
maija,,Maija,,1,,5/24/2024 2:55
m·ij·,,M·ij·,,1,,5/24/2024 2:55
m·ijj·,,M·ijj·,,1,,5/24/2024 2:55
maiju,,Maiju,,1,,5/24/2024 2:55
maiken,,Maiken,,1,,5/24/2024 2:55
maila,,Maila,,1,,5/24/2024 2:55
m·il·,,M·il·,,1,,5/24/2024 2:55
maili,,Maili,,1,,5/24/2024 2:55
mailis,,Mailis,,1,,5/24/2024 2:55
maire,,Maire,,1,,5/24/2024 2:55
m·ire,,M·ire,,1,,5/24/2024 2:55
maisa,,Maisa,,1,,5/24/2024 2:55
maj,,Maj,,1,,5/24/2024 2:55
majbrit,,Majbrit,,1,,5/24/2024 2:55
majbritt,,Majbritt,,1,,5/24/2024 2:55
m·jj·,,M·jj·,,1,,5/24/2024 2:55
majlis,,Majlis,,1,,5/24/2024 2:55
majus,,Majus,,1,,5/24/2024 2:55
majvor,,Majvor,,1,,5/24/2024 2:55
m·kke,,M·kke,,1,,5/24/2024 2:55
malena,,Malena,,1,,5/24/2024 2:55
malene,,Malene,,1,,5/24/2024 2:55
mÂlfrid,,MÂlfrid,,1,,5/24/2024 2:55
mali,,Mali,,1,,5/24/2024 2:55
malika,,Malika,,1,,5/24/2024 2:55
malla,,Malla,,1,,5/24/2024 2:55
malou,,Malou,,1,,5/24/2024 2:55
malva,,Malva,,1,,5/24/2024 2:55
manda,,Manda,,1,,5/24/2024 2:55
manuela,,Manuela,,1,,5/24/2024 2:55
mara,,Mara,,1,,5/24/2024 2:55
mar√≠a,,Mar√≠a,,1,,5/24/2024 2:55
marcela,,Marcela,,1,,5/24/2024 2:55
m·re,,M·re,,1,,5/24/2024 2:55
maren,,Maren,,1,,5/24/2024 2:55
m·ren,,M·ren,,1,,5/24/2024 2:55
m·ret,,M·ret,,1,,5/24/2024 2:55
margareeta,,Margareeta,,1,,5/24/2024 2:55
margareetta,,Margareetta,,1,,5/24/2024 2:55
margaret,,Margaret,,1,,5/24/2024 2:55
margareta,,Margareta,,1,,5/24/2024 2:55
margareth,,Margareth,,1,,5/24/2024 2:55
margaretha,,Margaretha,,1,,5/24/2024 2:55
margarita,,Margarita,,1,,5/24/2024 2:55
m·rge,,M·rge,,1,,5/24/2024 2:55
m·rgget,,M·rgget,,1,,5/24/2024 2:55
margit,,Margit,,1,,5/24/2024 2:55
margita,,Margita,,1,,5/24/2024 2:55
margot,,Margot,,1,,5/24/2024 2:55
margr√©t,,Margr√©t,,1,,5/24/2024 2:55
m·rgreht·,,M·rgreht·,,1,,5/24/2024 2:55
m·rgreitt·,,M·rgreitt·,,1,,5/24/2024 2:55
margrete,,Margrete,,1,,5/24/2024 2:55
margrethe,,Margrethe,,1,,5/24/2024 2:55
m·rgu,,M·rgu,,1,,5/24/2024 2:55
margunn,,Margunn,,1,,5/24/2024 2:55
mariam,,Mariam,,1,,5/24/2024 2:55
marian,,Marian,,1,,5/24/2024 2:55
mariana,,Mariana,,1,,5/24/2024 2:55
mariane,,Mariane,,1,,5/24/2024 2:55
mariann,,Mariann,,1,,5/24/2024 2:55
marianna,,Marianna,,1,,5/24/2024 2:55
mari·nn·,,Mari·nn·,,1,,5/24/2024 2:55
marianne,,Marianne,,1,,5/24/2024 2:55
mari·nne,,Mari·nne,,1,,5/24/2024 2:55
marica,,Marica,,1,,5/24/2024 2:55
mariel,,Mariel,,1,,5/24/2024 2:55
mariell,,Mariell,,1,,5/24/2024 2:55
mariella,,Mariella,,1,,5/24/2024 2:55
marielle,,Marielle,,1,,5/24/2024 2:55
mariette,,Mariette,,1,,5/24/2024 2:55
marihtt·,,Marihtt·,,1,,5/24/2024 2:55
mariia,,Mariia,,1,,5/24/2024 2:55
mariitta,,Mariitta,,1,,5/24/2024 2:55
marija,,Marija,,1,,5/24/2024 2:55
marika,,Marika,,1,,5/24/2024 2:55
marina,,Marina,,1,,5/24/2024 2:55
marion,,Marion,,1,,5/24/2024 2:55
marissa,,Marissa,,1,,5/24/2024 2:55
marit,,Marit,,1,,5/24/2024 2:55
m‰rit,,M‰rit,,1,,5/24/2024 2:55
marita,,Marita,,1,,5/24/2024 2:55
maritha,,Maritha,,1,,5/24/2024 2:55
maritta,,Maritta,,1,,5/24/2024 2:55
mariya,,Mariya,,1,,5/24/2024 2:55
marja,,Marja,,1,,5/24/2024 2:55
m·rj·,,M·rj·,,1,,5/24/2024 2:55
marjaana,,Marjaana,,1,,5/24/2024 2:55
marjatta,,Marjatta,,1,,5/24/2024 2:55
marje,,Marje,,1,,5/24/2024 2:55
m·rjj·,,M·rjj·,,1,,5/24/2024 2:55
marjo,,Marjo,,1,,5/24/2024 2:55
marjukka,,Marjukka,,1,,5/24/2024 2:55
marjut,,Marjut,,1,,5/24/2024 2:55
marketta,,Marketta,,1,,5/24/2024 2:55
marleena,,Marleena,,1,,5/24/2024 2:55
marlen,,Marlen,,1,,5/24/2024 2:55
marlena,,Marlena,,1,,5/24/2024 2:55
marlene,,Marlene,,1,,5/24/2024 2:55
marna,,Marna,,1,,5/24/2024 2:55
m·rt·,,M·rt·,,1,,5/24/2024 2:55
m‰rta,,M‰rta,,1,,5/24/2024 2:55
marte,,Marte,,1,,5/24/2024 2:55
martha,,Martha,,1,,5/24/2024 2:55
m‰rtha,,M‰rtha,,1,,5/24/2024 2:55
marthe,,Marthe,,1,,5/24/2024 2:55
martina,,Martina,,1,,5/24/2024 2:55
martta,,Martta,,1,,5/24/2024 2:55
martyna,,Martyna,,1,,5/24/2024 2:55
mary,,Mary,,1,,5/24/2024 2:55
maryam,,Maryam,,1,,5/24/2024 2:55
maryan,,Maryan,,1,,5/24/2024 2:55
mathilda,,Mathilda,,1,,5/24/2024 2:55
matild·,,Matild·,,1,,5/24/2024 2:55
matilde,,Matilde,,1,,5/24/2024 2:55
matleena,,Matleena,,1,,5/24/2024 2:55
maud,,Maud,,1,,5/24/2024 2:55
m·vdn·,,M·vdn·,,1,,5/24/2024 2:55
m·vnnel,,M·vnnel,,1,,5/24/2024 2:55
may,,May,,1,,5/24/2024 2:55
maya,,Maya,,1,,5/24/2024 2:55
mea,,Mea,,1,,5/24/2024 2:55
meart·,,Meart·,,1,,5/24/2024 2:55
meea,,Meea,,1,,5/24/2024 2:55
meeri,,Meeri,,1,,5/24/2024 2:55
meerke,,Meerke,,1,,5/24/2024 2:55
megan,,Megan,,1,,5/24/2024 2:55
melanie,,Melanie,,1,,5/24/2024 2:55
melia,,Melia,,1,,5/24/2024 2:55
melina,,Melina,,1,,5/24/2024 2:55
melinda,,Melinda,,1,,5/24/2024 2:55
melisa,,Melisa,,1,,5/24/2024 2:55
melody,,Melody,,1,,5/24/2024 2:55
mercedes,,Mercedes,,1,,5/24/2024 2:55
meret,,Meret,,1,,5/24/2024 2:55
merete,,Merete,,1,,5/24/2024 2:55
merethe,,Merethe,,1,,5/24/2024 2:55
meri,,Meri,,1,,5/24/2024 2:55
merit,,Merit,,1,,5/24/2024 2:55
merita,,Merita,,1,,5/24/2024 2:55
merja,,Merja,,1,,5/24/2024 2:55
merj·,,Merj·,,1,,5/24/2024 2:55
merle,,Merle,,1,,5/24/2024 2:55
merve,,Merve,,1,,5/24/2024 2:55
mervi,,Mervi,,1,,5/24/2024 2:55
meta,,Meta,,1,,5/24/2024 2:55
mette,,Mette,,1,,5/24/2024 2:55
meya,,Meya,,1,,5/24/2024 2:55
micaela,,Micaela,,1,,5/24/2024 2:55
michaela,,Michaela,,1,,5/24/2024 2:55
michala,,Michala,,1,,5/24/2024 2:55
michele,,Michele,,1,,5/24/2024 2:55
michella,,Michella,,1,,5/24/2024 2:55
michelle,,Michelle,,1,,5/24/2024 2:55
mie,,Mie,,1,,5/24/2024 2:55
mielikki,,Mielikki,,1,,5/24/2024 2:55
miia,,Miia,,1,,5/24/2024 2:55
miij·,,Miij·,,1,,5/24/2024 2:55
miina,,Miina,,1,,5/24/2024 2:55
miinn·,,Miinn·,,1,,5/24/2024 2:55
miisa,,Miisa,,1,,5/24/2024 2:55
mika,,Mika,,1,,5/24/2024 2:55
mikaela,,Mikaela,,1,,5/24/2024 2:55
mikkeline,,Mikkeline,,1,,5/24/2024 2:55
mila,,Mila,,1,,5/24/2024 2:55
milana,,Milana,,1,,5/24/2024 2:55
milda,,Milda,,1,,5/24/2024 2:55
mildred,,Mildred,,1,,5/24/2024 2:55
mildrid,,Mildrid,,1,,5/24/2024 2:55
milena,,Milena,,1,,5/24/2024 2:55
milia,,Milia,,1,,5/24/2024 2:55
milja,,Milja,,1,,5/24/2024 2:55
milj·,,Milj·,,1,,5/24/2024 2:55
milka,,Milka,,1,,5/24/2024 2:55
milla,,Milla,,1,,5/24/2024 2:55
millie,,Millie,,1,,5/24/2024 2:55
milly,,Milly,,1,,5/24/2024 2:55
mimi,,Mimi,,1,,5/24/2024 2:55
mimmi,,Mimmi,,1,,5/24/2024 2:55
mimosa,,Mimosa,,1,,5/24/2024 2:55
minea,,Minea,,1,,5/24/2024 2:55
minerva,,Minerva,,1,,5/24/2024 2:55
minja,,Minja,,1,,5/24/2024 2:55
minka,,Minka,,1,,5/24/2024 2:55
minn·,,Minn·,,1,,5/24/2024 2:55
minou,,Minou,,1,,5/24/2024 2:55
minttu,,Minttu,,1,,5/24/2024 2:55
miranda,,Miranda,,1,,5/24/2024 2:55
mirela,,Mirela,,1,,5/24/2024 2:55
mirella,,Mirella,,1,,5/24/2024 2:55
miriam,,Miriam,,1,,5/24/2024 2:55
mirja,,Mirja,,1,,5/24/2024 2:55
mirj·,,Mirj·,,1,,5/24/2024 2:55
mirjam,,Mirjam,,1,,5/24/2024 2:55
mirjami,,Mirjami,,1,,5/24/2024 2:55
mirjana,,Mirjana,,1,,5/24/2024 2:55
mirka,,Mirka,,1,,5/24/2024 2:55
mirna,,Mirna,,1,,5/24/2024 2:55
mirva,,Mirva,,1,,5/24/2024 2:55
mitra,,Mitra,,1,,5/24/2024 2:55
mollie,,Mollie,,1,,5/24/2024 2:55
mona,,Mona,,1,,5/24/2024 2:55
monica,,Monica,,1,,5/24/2024 2:55
monika,,Monika,,1,,5/24/2024 2:55
monique,,Monique,,1,,5/24/2024 2:55
moona,,Moona,,1,,5/24/2024 2:55
mynte,,Mynte,,1,,5/24/2024 2:55
mynthe,,Mynthe,,1,,5/24/2024 2:55
myrna,,Myrna,,1,,5/24/2024 2:55
n·ddj·,,N·ddj·,,1,,5/24/2024 2:55
nadia,,Nadia,,1,,5/24/2024 2:55
nadine,,Nadine,,1,,5/24/2024 2:55
nadja,,Nadja,,1,,5/24/2024 2:55
naemi,,Naemi,,1,,5/24/2024 2:55
naima,,Naima,,1,,5/24/2024 2:55
naimi,,Naimi,,1,,5/24/2024 2:55
naja,,Naja,,1,,5/24/2024 2:55
najma,,Najma,,1,,5/24/2024 2:55
nana,,Nana,,1,,5/24/2024 2:55
nan·,,Nan·,,1,,5/24/2024 2:55
nancy,,Nancy,,1,,5/24/2024 2:55
nanna,,Nanna,,1,,5/24/2024 2:55
n·nn·,,N·nn·,,1,,5/24/2024 2:55
n·nni,,N·nni,,1,,5/24/2024 2:55
nanny,,Nanny,,1,,5/24/2024 2:55
naomi,,Naomi,,1,,5/24/2024 2:55
n·sti,,N·sti,,1,,5/24/2024 2:55
natacha,,Natacha,,1,,5/24/2024 2:55
natali,,Natali,,1,,5/24/2024 2:55
natalia,,Natalia,,1,,5/24/2024 2:55
natalie,,Natalie,,1,,5/24/2024 2:55
natalja,,Natalja,,1,,5/24/2024 2:55
natasa,,Natasa,,1,,5/24/2024 2:55
natascha,,Natascha,,1,,5/24/2024 2:55
natasha,,Natasha,,1,,5/24/2024 2:55
natasja,,Natasja,,1,,5/24/2024 2:55
naya,,Naya,,1,,5/24/2024 2:55
nea,,Nea,,1,,5/24/2024 2:55
neea,,Neea,,1,,5/24/2024 2:55
neela,,Neela,,1,,5/24/2024 2:55
nelia,,Nelia,,1,,5/24/2024 2:55
nella,,Nella,,1,,5/24/2024 2:55
nelli,,Nelli,,1,,5/24/2024 2:55
nelly,,Nelly,,1,,5/24/2024 2:55
nete,,Nete,,1,,5/24/2024 2:55
netta,,Netta,,1,,5/24/2024 2:55
nicola,,Nicola,,1,,5/24/2024 2:55
nicolina,,Nicolina,,1,,5/24/2024 2:55
nicoline,,Nicoline,,1,,5/24/2024 2:55
nienn·,,Nienn·,,1,,5/24/2024 2:55
niina,,Niina,,1,,5/24/2024 2:55
nike,,Nike,,1,,5/24/2024 2:55
niki,,Niki,,1,,5/24/2024 2:55
nikita,,Nikita,,1,,5/24/2024 2:55
nikki,,Nikki,,1,,5/24/2024 2:55
nikola,,Nikola,,1,,5/24/2024 2:55
nikolina,,Nikolina,,1,,5/24/2024 2:55
nikoline,,Nikoline,,1,,5/24/2024 2:55
nilla,,Nilla,,1,,5/24/2024 2:55
nina,,Nina,,1,,5/24/2024 2:55
nin·,,Nin·,,1,,5/24/2024 2:55
ninna,,Ninna,,1,,5/24/2024 2:55
ninni,,Ninni,,1,,5/24/2024 2:55
nisa,,Nisa,,1,,5/24/2024 2:55
nita,,Nita,,1,,5/24/2024 2:55
nj√°la,,Nj√°la,,1,,5/24/2024 2:55
nj·veö,,Nj·veö,,1,,5/24/2024 2:55
noelia,,Noelia,,1,,5/24/2024 2:55
noelle,,Noelle,,1,,5/24/2024 2:55
noomi,,Noomi,,1,,5/24/2024 2:55
noora,,Noora,,1,,5/24/2024 2:55
nor·,,Nor·,,1,,5/24/2024 2:55
norah,,Norah,,1,,5/24/2024 2:55
norma,,Norma,,1,,5/24/2024 2:55
norunn,,Norunn,,1,,5/24/2024 2:55
nynne,,Nynne,,1,,5/24/2024 2:55
oaj·,,Oaj·,,1,,5/24/2024 2:55
oddbj√∏rg,,Oddbj√∏rg,,1,,5/24/2024 2:55
oddbj¯rg,,Oddbj¯rg,,1,,5/24/2024 2:55
oddlaug,,Oddlaug,,1,,5/24/2024 2:55
oddny,,Oddny,,1,,5/24/2024 2:55
oddrun,,Oddrun,,1,,5/24/2024 2:55
oddveig,,Oddveig,,1,,5/24/2024 2:55
ofelia,,Ofelia,,1,,5/24/2024 2:55
oggi,,Oggi,,1,,5/24/2024 2:55
oile,,Oile,,1,,5/24/2024 2:55
oili,,Oili,,1,,5/24/2024 2:55
oine,,Oine,,1,,5/24/2024 2:55
olaug,,Olaug,,1,,5/24/2024 2:55
olena,,Olena,,1,,5/24/2024 2:55
olga,,Olga,,1,,5/24/2024 2:55
olg·,,Olg·,,1,,5/24/2024 2:55
oline,,Oline,,1,,5/24/2024 2:55
oliwia,,Oliwia,,1,,5/24/2024 2:55
oona,,Oona,,1,,5/24/2024 2:55
ophelia,,Ophelia,,1,,5/24/2024 2:55
orvokki,,Orvokki,,1,,5/24/2024 2:55
othilia,,Othilia,,1,,5/24/2024 2:55
othilie,,Othilie,,1,,5/24/2024 2:55
ottilia,,Ottilia,,1,,5/24/2024 2:55
outi,,Outi,,1,,5/24/2024 2:55
p√°la,,P√°la,,1,,5/24/2024 2:55
p√§iv√§,,P√§iv√§,,1,,5/24/2024 2:55
p√§ivi,,P√§ivi,,1,,5/24/2024 2:55
p‰ivi,,P‰ivi,,1,,5/24/2024 2:55
p‰ivikki,,P‰ivikki,,1,,5/24/2024 2:55
pamela,,Pamela,,1,,5/24/2024 2:55
paola,,Paola,,1,,5/24/2024 2:55
patricia,,Patricia,,1,,5/24/2024 2:55
paula,,Paula,,1,,5/24/2024 2:55
pauliina,,Pauliina,,1,,5/24/2024 2:55
paulina,,Paulina,,1,,5/24/2024 2:55
pauline,,Pauline,,1,,5/24/2024 2:55
peggy,,Peggy,,1,,5/24/2024 2:55
penny,,Penny,,1,,5/24/2024 2:55
peppi,,Peppi,,1,,5/24/2024 2:55
peppiina,,Peppiina,,1,,5/24/2024 2:55
pernilla,,Pernilla,,1,,5/24/2024 2:55
pernille,,Pernille,,1,,5/24/2024 2:55
petra,,Petra,,1,,5/24/2024 2:55
petronella,,Petronella,,1,,5/24/2024 2:55
philippa,,Philippa,,1,,5/24/2024 2:55
pia,,Pia,,1,,5/24/2024 2:55
pihla,,Pihla,,1,,5/24/2024 2:55
piia,,Piia,,1,,5/24/2024 2:55
piija,,Piija,,1,,5/24/2024 2:55
piij·,,Piij·,,1,,5/24/2024 2:55
pilvi,,Pilvi,,1,,5/24/2024 2:55
pinja,,Pinja,,1,,5/24/2024 2:55
pirita,,Pirita,,1,,5/24/2024 2:55
piritta,,Piritta,,1,,5/24/2024 2:55
pirjo,,Pirjo,,1,,5/24/2024 2:55
pirkko,,Pirkko,,1,,5/24/2024 2:55
polina,,Polina,,1,,5/24/2024 2:55
priita,,Priita,,1,,5/24/2024 2:55
r√≥s,,R√≥s,,1,,5/24/2024 2:55
r√≥sa,,R√≥sa,,1,,5/24/2024 2:55
raakel,,Raakel,,1,,5/24/2024 2:55
rachel,,Rachel,,1,,5/24/2024 2:55
r·fi,,R·fi,,1,,5/24/2024 2:55
ragna,,Ragna,,1,,5/24/2024 2:55
ragnheidur,,Ragnheidur,,1,,5/24/2024 2:55
ragnhild,,Ragnhild,,1,,5/24/2024 2:55
ragnhildur,,Ragnhildur,,1,,5/24/2024 2:55
rahel,,Rahel,,1,,5/24/2024 2:55
r·hkel,,R·hkel,,1,,5/24/2024 2:55
raija,,Raija,,1,,5/24/2024 2:55
r·ij·,,R·ij·,,1,,5/24/2024 2:55
raila,,Raila,,1,,5/24/2024 2:55
raili,,Raili,,1,,5/24/2024 2:55
raisa,,Raisa,,1,,5/24/2024 2:55
rakel,,Rakel,,1,,5/24/2024 2:55
ramona,,Ramona,,1,,5/24/2024 2:55
rana,,Rana,,1,,5/24/2024 2:55
randa,,Randa,,1,,5/24/2024 2:55
randi,,Randi,,1,,5/24/2024 2:55
rania,,Rania,,1,,5/24/2024 2:55
rannveig,,Rannveig,,1,,5/24/2024 2:55
ranveig,,Ranveig,,1,,5/24/2024 2:55
r√∫na,,R√∫na,,1,,5/24/2024 2:55
raquel,,Raquel,,1,,5/24/2024 2:55
rauha,,Rauha,,1,,5/24/2024 2:55
rauni,,Rauni,,1,,5/24/2024 2:55
r·vdn·,,R·vdn·,,1,,5/24/2024 2:55
ravna,,Ravna,,1,,5/24/2024 2:55
rea,,Rea,,1,,5/24/2024 2:55
rebecca,,Rebecca,,1,,5/24/2024 2:55
rebecka,,Rebecka,,1,,5/24/2024 2:55
rebekka,,Rebekka,,1,,5/24/2024 2:55
red·,,Red·,,1,,5/24/2024 2:55
reeta,,Reeta,,1,,5/24/2024 2:55
reetta,,Reetta,,1,,5/24/2024 2:55
reg√≠na,,Reg√≠na,,1,,5/24/2024 2:55
regiinn·,,Regiinn·,,1,,5/24/2024 2:55
regina,,Regina,,1,,5/24/2024 2:55
regine,,Regine,,1,,5/24/2024 2:55
regitze,,Regitze,,1,,5/24/2024 2:55
reidun,,Reidun,,1,,5/24/2024 2:55
reidunn,,Reidunn,,1,,5/24/2024 2:55
reija,,Reija,,1,,5/24/2024 2:55
renata,,Renata,,1,,5/24/2024 2:55
renate,,Renate,,1,,5/24/2024 2:55
renee,,Renee,,1,,5/24/2024 2:55
renÈe,,RenÈe,,1,,5/24/2024 2:55
ria,,Ria,,1,,5/24/2024 2:55
rie,,Rie,,1,,5/24/2024 2:55
rigmor,,Rigmor,,1,,5/24/2024 2:55
rihtt·,,Rihtt·,,1,,5/24/2024 2:55
riia,,Riia,,1,,5/24/2024 2:55
riid·,,Riid·,,1,,5/24/2024 2:55
riiga,,Riiga,,1,,5/24/2024 2:55
riika,,Riika,,1,,5/24/2024 2:55
riikka,,Riikka,,1,,5/24/2024 2:55
riina,,Riina,,1,,5/24/2024 2:55
riitta,,Riitta,,1,,5/24/2024 2:55
riitt·,,Riitt·,,1,,5/24/2024 2:55
rika,,Rika,,1,,5/24/2024 2:55
rikke,,Rikke,,1,,5/24/2024 2:55
rikke f,,Rikke f,,1,,5/24/2024 2:55
rina,,Rina,,1,,5/24/2024 2:55
risten,,Risten,,1,,5/24/2024 2:55
ristiinna,,Ristiinna,,1,,5/24/2024 2:55
ristiinn·,,Ristiinn·,,1,,5/24/2024 2:55
ristin,,Ristin,,1,,5/24/2024 2:55
rita,,Rita,,1,,5/24/2024 2:55
ritva,,Ritva,,1,,5/24/2024 2:55
roberta,,Roberta,,1,,5/24/2024 2:55
r¯nnaug,,R¯nnaug,,1,,5/24/2024 2:55
roosa,,Roosa,,1,,5/24/2024 2:55
rosa,,Rosa,,1,,5/24/2024 2:55
rosalie,,Rosalie,,1,,5/24/2024 2:55
rosanna,,Rosanna,,1,,5/24/2024 2:55
rose,,Rose,,1,,5/24/2024 2:55
rosemarie,,Rosemarie,,1,,5/24/2024 2:55
rosita,,Rosita,,1,,5/24/2024 2:55
roxana,,Roxana,,1,,5/24/2024 2:55
roya,,Roya,,1,,5/24/2024 2:55
roza,,Roza,,1,,5/24/2024 2:55
ruby,,Ruby,,1,,5/24/2024 2:55
ruhte,,Ruhte,,1,,5/24/2024 2:55
runa,,Runa,,1,,5/24/2024 2:55
ruta,,Ruta,,1,,5/24/2024 2:55
ruth,,Ruth,,1,,5/24/2024 2:55
ruut,,Ruut,,1,,5/24/2024 2:55
ruvs·,,Ruvs·,,1,,5/24/2024 2:55
s√∏lvi,,S√∏lvi,,1,,5/24/2024 2:55
s√§de,,S√§de,,1,,5/24/2024 2:55
s√≥ld√≠s,,S√≥ld√≠s,,1,,5/24/2024 2:55
s√≥lveig,,S√≥lveig,,1,,5/24/2024 2:55
saaga,,Saaga,,1,,5/24/2024 2:55
saana,,Saana,,1,,5/24/2024 2:55
saara,,Saara,,1,,5/24/2024 2:55
s·ben,,S·ben,,1,,5/24/2024 2:55
s·bin,,S·bin,,1,,5/24/2024 2:55
sabina,,Sabina,,1,,5/24/2024 2:55
sabine,,Sabine,,1,,5/24/2024 2:55
sabrin,,Sabrin,,1,,5/24/2024 2:55
sabrina,,Sabrina,,1,,5/24/2024 2:55
s·ddja,,S·ddja,,1,,5/24/2024 2:55
s‰de,,S‰de,,1,,5/24/2024 2:55
sagka,,Sagka,,1,,5/24/2024 2:55
sahka,,Sahka,,1,,5/24/2024 2:55
sahra,,Sahra,,1,,5/24/2024 2:55
s·ibmi,,S·ibmi,,1,,5/24/2024 2:55
saida,,Saida,,1,,5/24/2024 2:55
saija,,Saija,,1,,5/24/2024 2:55
saila,,Saila,,1,,5/24/2024 2:55
saima,,Saima,,1,,5/24/2024 2:55
saimi,,Saimi,,1,,5/24/2024 2:55
saini,,Saini,,1,,5/24/2024 2:55
sakka,,Sakka,,1,,5/24/2024 2:55
salka,,Salka,,1,,5/24/2024 2:55
salla,,Salla,,1,,5/24/2024 2:55
salli,,Salli,,1,,5/24/2024 2:55
salma,,Salma,,1,,5/24/2024 2:55
salme,,Salme,,1,,5/24/2024 2:55
salome,,Salome,,1,,5/24/2024 2:55
samantha,,Samantha,,1,,5/24/2024 2:55
samira,,Samira,,1,,5/24/2024 2:55
sana,,Sana,,1,,5/24/2024 2:55
sandie,,Sandie,,1,,5/24/2024 2:55
sandra,,Sandra,,1,,5/24/2024 2:55
sandy,,Sandy,,1,,5/24/2024 2:55
sanela,,Sanela,,1,,5/24/2024 2:55
sanelma,,Sanelma,,1,,5/24/2024 2:55
sanja,,Sanja,,1,,5/24/2024 2:55
sanna,,Sanna,,1,,5/24/2024 2:55
s·nn·,,S·nn·,,1,,5/24/2024 2:55
sanne,,Sanne,,1,,5/24/2024 2:55
sanni,,Sanni,,1,,5/24/2024 2:55
s·r·,,S·r·,,1,,5/24/2024 2:55
sarah,,Sarah,,1,,5/24/2024 2:55
s·r·hkk·,,S·r·hkk·,,1,,5/24/2024 2:55
sarak,,Sarak,,1,,5/24/2024 2:55
sarakka,,Sarakka,,1,,5/24/2024 2:55
sari,,Sari,,1,,5/24/2024 2:55
sarita,,Sarita,,1,,5/24/2024 2:55
sascha,,Sascha,,1,,5/24/2024 2:55
sasha,,Sasha,,1,,5/24/2024 2:55
sassa,,Sassa,,1,,5/24/2024 2:55
satu,,Satu,,1,,5/24/2024 2:55
savannah,,Savannah,,1,,5/24/2024 2:55
äealgg·,,äealgg·,,1,,5/24/2024 2:55
sear·,,Sear·,,1,,5/24/2024 2:55
äear·,,äear·,,1,,5/24/2024 2:55
seela,,Seela,,1,,5/24/2024 2:55
seija,,Seija,,1,,5/24/2024 2:55
seita,,Seita,,1,,5/24/2024 2:55
selbm·,,Selbm·,,1,,5/24/2024 2:55
selena,,Selena,,1,,5/24/2024 2:55
selggo,,Selggo,,1,,5/24/2024 2:55
selin,,Selin,,1,,5/24/2024 2:55
selina,,Selina,,1,,5/24/2024 2:55
selja,,Selja,,1,,5/24/2024 2:55
seljo,,Seljo,,1,,5/24/2024 2:55
senja,,Senja,,1,,5/24/2024 2:55
senni,,Senni,,1,,5/24/2024 2:55
serafia,,Serafia,,1,,5/24/2024 2:55
serafiina,,Serafiina,,1,,5/24/2024 2:55
serafina,,Serafina,,1,,5/24/2024 2:55
serena,,Serena,,1,,5/24/2024 2:55
sharon,,Sharon,,1,,5/24/2024 2:55
sheila,,Sheila,,1,,5/24/2024 2:55
sia,,Sia,,1,,5/24/2024 2:55
sibel,,Sibel,,1,,5/24/2024 2:55
sidse,,Sidse,,1,,5/24/2024 2:55
sidsel,,Sidsel,,1,,5/24/2024 2:55
sienna,,Sienna,,1,,5/24/2024 2:55
sif,,Sif,,1,,5/24/2024 2:55
sigbritt,,Sigbritt,,1,,5/24/2024 2:55
sigfrid,,Sigfrid,,1,,5/24/2024 2:55
signy,,Signy,,1,,5/24/2024 2:55
sigr√≠dur,,Sigr√≠dur,,1,,5/24/2024 2:55
sigr√∫n,,Sigr√∫n,,1,,5/24/2024 2:55
sigrun,,Sigrun,,1,,5/24/2024 2:55
sigrunn,,Sigrunn,,1,,5/24/2024 2:55
siinn·,,Siinn·,,1,,5/24/2024 2:55
siiri,,Siiri,,1,,5/24/2024 2:55
sikk·,,Sikk·,,1,,5/24/2024 2:55
silja,,Silja,,1,,5/24/2024 2:55
silje,,Silje,,1,,5/24/2024 2:55
silke,,Silke,,1,,5/24/2024 2:55
sille,,Sille,,1,,5/24/2024 2:55
silva,,Silva,,1,,5/24/2024 2:55
silv·,,Silv·,,1,,5/24/2024 2:55
silvana,,Silvana,,1,,5/24/2024 2:55
silvia,,Silvia,,1,,5/24/2024 2:55
sima,,Sima,,1,,5/24/2024 2:55
simona,,Simona,,1,,5/24/2024 2:55
simone,,Simone,,1,,5/24/2024 2:55
sina,,Sina,,1,,5/24/2024 2:55
sine,,Sine,,1,,5/24/2024 2:55
sini,,Sini,,1,,5/24/2024 2:55
sinikka,,Sinikka,,1,,5/24/2024 2:55
sire,,Sire,,1,,5/24/2024 2:55
siren,,Siren,,1,,5/24/2024 2:55
sirkka,,Sirkka,,1,,5/24/2024 2:55
sirkku,,Sirkku,,1,,5/24/2024 2:55
sirpa,,Sirpa,,1,,5/24/2024 2:55
siru,,Siru,,1,,5/24/2024 2:55
sisko,,Sisko,,1,,5/24/2024 2:55
sisse,,Sisse,,1,,5/24/2024 2:55
sissel,,Sissel,,1,,5/24/2024 2:55
siv,,Siv,,1,,5/24/2024 2:55
sive,,Sive,,1,,5/24/2024 2:55
sivi‰,,Sivi‰,,1,,5/24/2024 2:55
sivnne,,Sivnne,,1,,5/24/2024 2:55
siw,,Siw,,1,,5/24/2024 2:55
smilla,,Smilla,,1,,5/24/2024 2:55
sn√¶d√≠s,,Sn√¶d√≠s,,1,,5/24/2024 2:55
snaed√≠s,,Snaed√≠s,,1,,5/24/2024 2:55
soab·,,Soab·,,1,,5/24/2024 2:55
sofe,,Sofe,,1,,5/24/2024 2:55
soff·,,Soff·,,1,,5/24/2024 2:55
soff√≠a,,Soff√≠a,,1,,5/24/2024 2:55
sofi,,Sofi,,1,,5/24/2024 2:55
sofija,,Sofija,,1,,5/24/2024 2:55
sohvi,,Sohvi,,1,,5/24/2024 2:55
soile,,Soile,,1,,5/24/2024 2:55
soili,,Soili,,1,,5/24/2024 2:55
soilikki,,Soilikki,,1,,5/24/2024 2:55
soj·,,Soj·,,1,,5/24/2024 2:55
sol,,Sol,,1,,5/24/2024 2:55
solbj√∏rg,,Solbj√∏rg,,1,,5/24/2024 2:55
solbj¯rg,,Solbj¯rg,,1,,5/24/2024 2:55
solbritt,,Solbritt,,1,,5/24/2024 2:55
solfrid,,Solfrid,,1,,5/24/2024 2:55
solj·,,Solj·,,1,,5/24/2024 2:55
solla,,Solla,,1,,5/24/2024 2:55
solveig,,Solveig,,1,,5/24/2024 2:55
solvej,,Solvej,,1,,5/24/2024 2:55
solvejg,,Solvejg,,1,,5/24/2024 2:55
s¯lvi,,S¯lvi,,1,,5/24/2024 2:55
solvig,,Solvig,,1,,5/24/2024 2:55
solvor,,Solvor,,1,,5/24/2024 2:55
sonia,,Sonia,,1,,5/24/2024 2:55
sonja,,Sonja,,1,,5/24/2024 2:55
sonj·,,Sonj·,,1,,5/24/2024 2:55
sonya,,Sonya,,1,,5/24/2024 2:55
sˆˆfe,,Sˆˆfe,,1,,5/24/2024 2:55
sophia,,Sophia,,1,,5/24/2024 2:55
sophie,,Sophie,,1,,5/24/2024 2:55
s¯s,,S¯s,,1,,5/24/2024 2:55
stefania,,Stefania,,1,,5/24/2024 2:55
stefanie,,Stefanie,,1,,5/24/2024 2:55
steinunn,,Steinunn,,1,,5/24/2024 2:55
stephanie,,Stephanie,,1,,5/24/2024 2:55
stiina,,Stiina,,1,,5/24/2024 2:55
stine,,Stine,,1,,5/24/2024 2:55
stinne,,Stinne,,1,,5/24/2024 2:55
sunn·,,Sunn·,,1,,5/24/2024 2:55
sunniva,,Sunniva,,1,,5/24/2024 2:55
suoinn·,,Suoinn·,,1,,5/24/2024 2:55
suoma,,Suoma,,1,,5/24/2024 2:55
suonjar,,Suonjar,,1,,5/24/2024 2:55
susan,,Susan,,1,,5/24/2024 2:55
susana,,Susana,,1,,5/24/2024 2:55
susann,,Susann,,1,,5/24/2024 2:55
susanna,,Susanna,,1,,5/24/2024 2:55
sus·nna,,Sus·nna,,1,,5/24/2024 2:55
sus·nn·,,Sus·nn·,,1,,5/24/2024 2:55
susanne,,Susanne,,1,,5/24/2024 2:55
susie,,Susie,,1,,5/24/2024 2:55
sussi,,Sussi,,1,,5/24/2024 2:55
sussie,,Sussie,,1,,5/24/2024 2:55
sussu,,Sussu,,1,,5/24/2024 2:55
suvi,,Suvi,,1,,5/24/2024 2:55
suzan,,Suzan,,1,,5/24/2024 2:55
suzana,,Suzana,,1,,5/24/2024 2:55
suzanne,,Suzanne,,1,,5/24/2024 2:55
svana,,Svana,,1,,5/24/2024 2:55
svanhild,,Svanhild,,1,,5/24/2024 2:55
svanhildur,,Svanhildur,,1,,5/24/2024 2:55
sylvi,,Sylvi,,1,,5/24/2024 2:55
sylvia,,Sylvia,,1,,5/24/2024 2:55
sylwia,,Sylwia,,1,,5/24/2024 2:55
synn√∏ve,,Synn√∏ve,,1,,5/24/2024 2:55
synn√∂ve,,Synn√∂ve,,1,,5/24/2024 2:55
synne,,Synne,,1,,5/24/2024 2:55
synnˆve,,Synnˆve,,1,,5/24/2024 2:55
synn¯ve,,Synn¯ve,,1,,5/24/2024 2:55
t√§hti,,T√§hti,,1,,5/24/2024 2:55
taija,,Taija,,1,,5/24/2024 2:55
taika,,Taika,,1,,5/24/2024 2:55
taimi,,Taimi,,1,,5/24/2024 2:55
taina,,Taina,,1,,5/24/2024 2:55
tala,,Tala,,1,,5/24/2024 2:55
tale,,Tale,,1,,5/24/2024 2:55
talia,,Talia,,1,,5/24/2024 2:55
talvikki,,Talvikki,,1,,5/24/2024 2:55
tamara,,Tamara,,1,,5/24/2024 2:55
tania,,Tania,,1,,5/24/2024 2:55
tanja,,Tanja,,1,,5/24/2024 2:55
tanya,,Tanya,,1,,5/24/2024 2:55
tara,,Tara,,1,,5/24/2024 2:55
tarja,,Tarja,,1,,5/24/2024 2:55
taru,,Taru,,1,,5/24/2024 2:55
tatiana,,Tatiana,,1,,5/24/2024 2:55
tatjana,,Tatjana,,1,,5/24/2024 2:55
tea,,Tea,,1,,5/24/2024 2:55
teija,,Teija,,1,,5/24/2024 2:55
tekla,,Tekla,,1,,5/24/2024 2:55
tellervo,,Tellervo,,1,,5/24/2024 2:55
telma,,Telma,,1,,5/24/2024 2:55
tenna,,Tenna,,1,,5/24/2024 2:55
teodora,,Teodora,,1,,5/24/2024 2:55
teresa,,Teresa,,1,,5/24/2024 2:55
teres·,,Teres·,,1,,5/24/2024 2:55
terese,,Terese,,1,,5/24/2024 2:55
teresia,,Teresia,,1,,5/24/2024 2:55
terhi,,Terhi,,1,,5/24/2024 2:55
terhikki,,Terhikki,,1,,5/24/2024 2:55
terttu,,Terttu,,1,,5/24/2024 2:55
tess,,Tess,,1,,5/24/2024 2:55
tessa,,Tessa,,1,,5/24/2024 2:55
tessan,,Tessan,,1,,5/24/2024 2:55
th√≥ra,,Th√≥ra,,1,,5/24/2024 2:55
th√≥rd√≠s,,Th√≥rd√≠s,,1,,5/24/2024 2:55
th√≥rhildur,,Th√≥rhildur,,1,,5/24/2024 2:55
th√≥runn,,Th√≥runn,,1,,5/24/2024 2:55
thale,,Thale,,1,,5/24/2024 2:55
the√≥d√≥ra,,The√≥d√≥ra,,1,,5/24/2024 2:55
thelma,,Thelma,,1,,5/24/2024 2:55
theodora,,Theodora,,1,,5/24/2024 2:55
theres,,Theres,,1,,5/24/2024 2:55
theresa,,Theresa,,1,,5/24/2024 2:55
therese,,Therese,,1,,5/24/2024 2:55
therÈse,,TherÈse,,1,,5/24/2024 2:55
theresia,,Theresia,,1,,5/24/2024 2:55
thilda,,Thilda,,1,,5/24/2024 2:55
thilde,,Thilde,,1,,5/24/2024 2:55
thora,,Thora,,1,,5/24/2024 2:55
thorbj√∂rg,,Thorbj√∂rg,,1,,5/24/2024 2:55
thorborg,,Thorborg,,1,,5/24/2024 2:55
thr√∫dur,,Thr√∫dur,,1,,5/24/2024 2:55
thyra,,Thyra,,1,,5/24/2024 2:55
tia,,Tia,,1,,5/24/2024 2:55
tiffany,,Tiffany,,1,,5/24/2024 2:55
tiia,,Tiia,,1,,5/24/2024 2:55
tiina,,Tiina,,1,,5/24/2024 2:55
tiinn·,,Tiinn·,,1,,5/24/2024 2:55
tild·,,Tild·,,1,,5/24/2024 2:55
tina,,Tina,,1,,5/24/2024 2:55
tine,,Tine,,1,,5/24/2024 2:55
tinja,,Tinja,,1,,5/24/2024 2:55
tinna,,Tinna,,1,,5/24/2024 2:55
titta,,Titta,,1,,5/24/2024 2:55
titti,,Titti,,1,,5/24/2024 2:55
toini,,Toini,,1,,5/24/2024 2:55
tomine,,Tomine,,1,,5/24/2024 2:55
tone,,Tone,,1,,5/24/2024 2:55
tonje,,Tonje,,1,,5/24/2024 2:55
tora,,Tora,,1,,5/24/2024 2:55
tor√∏,,Tor√∏,,1,,5/24/2024 2:55
torbj√∏rg,,Torbj√∏rg,,1,,5/24/2024 2:55
torbj¯rg,,Torbj¯rg,,1,,5/24/2024 2:55
torborg,,Torborg,,1,,5/24/2024 2:55
tordis,,Tordis,,1,,5/24/2024 2:55
torgunn,,Torgunn,,1,,5/24/2024 2:55
torhild,,Torhild,,1,,5/24/2024 2:55
toril,,Toril,,1,,5/24/2024 2:55
torild,,Torild,,1,,5/24/2024 2:55
torill,,Torill,,1,,5/24/2024 2:55
torny,,Torny,,1,,5/24/2024 2:55
torun,,Torun,,1,,5/24/2024 2:55
torunn,,Torunn,,1,,5/24/2024 2:55
tova,,Tova,,1,,5/24/2024 2:55
tove,,Tove,,1,,5/24/2024 2:55
trine,,Trine,,1,,5/24/2024 2:55
trude,,Trude,,1,,5/24/2024 2:55
tua,,Tua,,1,,5/24/2024 2:55
tu·,,Tu·,,1,,5/24/2024 2:55
tuija,,Tuija,,1,,5/24/2024 2:55
tuire,,Tuire,,1,,5/24/2024 2:55
turid,,Turid,,1,,5/24/2024 2:55
tuula,,Tuula,,1,,5/24/2024 2:55
tuuli,,Tuuli,,1,,5/24/2024 2:55
tuulia,,Tuulia,,1,,5/24/2024 2:55
tuulikki,,Tuulikki,,1,,5/24/2024 2:55
tytti,,Tytti,,1,,5/24/2024 2:55
tyyne,,Tyyne,,1,,5/24/2024 2:55
tyyni,,Tyyni,,1,,5/24/2024 2:55
uks·hkk·,,Uks·hkk·,,1,,5/24/2024 2:55
ulla,,Ulla,,1,,5/24/2024 2:55
ull·,,Ull·,,1,,5/24/2024 2:55
ulrica,,Ulrica,,1,,5/24/2024 2:55
ulriikka,,Ulriikka,,1,,5/24/2024 2:55
ulrika,,Ulrika,,1,,5/24/2024 2:55
ulrikke,,Ulrikke,,1,,5/24/2024 2:55
uma,,Uma,,1,,5/24/2024 2:55
una,,Una,,1,,5/24/2024 2:55
unelma,,Unelma,,1,,5/24/2024 2:55
unn,,Unn,,1,,5/24/2024 2:55
unna,,Unna,,1,,5/24/2024 2:55
unni,,Unni,,1,,5/24/2024 2:55
unnur,,Unnur,,1,,5/24/2024 2:55
ursula,,Ursula,,1,,5/24/2024 2:55
v·bo,,V·bo,,1,,5/24/2024 2:55
v·lbor,,V·lbor,,1,,5/24/2024 2:55
valborg,,Valborg,,1,,5/24/2024 2:55
vald√≠s,,Vald√≠s,,1,,5/24/2024 2:55
valentina,,Valentina,,1,,5/24/2024 2:55
valeria,,Valeria,,1,,5/24/2024 2:55
valerie,,Valerie,,1,,5/24/2024 2:55
valma,,Valma,,1,,5/24/2024 2:55
valpuri,,Valpuri,,1,,5/24/2024 2:55
vanamo,,Vanamo,,1,,5/24/2024 2:55
vanessa,,Vanessa,,1,,5/24/2024 2:55
vanja,,Vanja,,1,,5/24/2024 2:55
vappu,,Vappu,,1,,5/24/2024 2:55
v·rbu,,V·rbu,,1,,5/24/2024 2:55
vÂrin,,VÂrin,,1,,5/24/2024 2:55
varpu,,Varpu,,1,,5/24/2024 2:55
v·rv·,,V·rv·,,1,,5/24/2024 2:55
veera,,Veera,,1,,5/24/2024 2:55
vega,,Vega,,1,,5/24/2024 2:55
vellamo,,Vellamo,,1,,5/24/2024 2:55
vendela,,Vendela,,1,,5/24/2024 2:55
vendla,,Vendla,,1,,5/24/2024 2:55
venke,,Venke,,1,,5/24/2024 2:55
venl·,,Venl·,,1,,5/24/2024 2:55
ver·,,Ver·,,1,,5/24/2024 2:55
verna,,Verna,,1,,5/24/2024 2:55
veronica,,Veronica,,1,,5/24/2024 2:55
veronika,,Veronika,,1,,5/24/2024 2:55
veslem√∏y,,Veslem√∏y,,1,,5/24/2024 2:55
veslem¯y,,Veslem¯y,,1,,5/24/2024 2:55
vibe,,Vibe,,1,,5/24/2024 2:55
vibeke,,Vibeke,,1,,5/24/2024 2:55
vicki,,Vicki,,1,,5/24/2024 2:55
vicky,,Vicky,,1,,5/24/2024 2:55
vida,,Vida,,1,,5/24/2024 2:55
viena,,Viena,,1,,5/24/2024 2:55
vieno,,Vieno,,1,,5/24/2024 2:55
vigd√≠s,,Vigd√≠s,,1,,5/24/2024 2:55
vigdis,,Vigdis,,1,,5/24/2024 2:55
vigga,,Vigga,,1,,5/24/2024 2:55
viivi,,Viivi,,1,,5/24/2024 2:55
viivv·,,Viivv·,,1,,5/24/2024 2:55
viktor√≠a,,Viktor√≠a,,1,,5/24/2024 2:55
viktoriia,,Viktoriia,,1,,5/24/2024 2:55
viktorija,,Viktorija,,1,,5/24/2024 2:55
vilbm·,,Vilbm·,,1,,5/24/2024 2:55
vilda,,Vilda,,1,,5/24/2024 2:55
vilhelmiina,,Vilhelmiina,,1,,5/24/2024 2:55
vilhelmina,,Vilhelmina,,1,,5/24/2024 2:55
vilja,,Vilja,,1,,5/24/2024 2:55
vilje,,Vilje,,1,,5/24/2024 2:55
vilma,,Vilma,,1,,5/24/2024 2:55
vinni,,Vinni,,1,,5/24/2024 2:55
vinnie,,Vinnie,,1,,5/24/2024 2:55
viola,,Viola,,1,,5/24/2024 2:55
violeta,,Violeta,,1,,5/24/2024 2:55
virba,,Virba,,1,,5/24/2024 2:55
virginia,,Virginia,,1,,5/24/2024 2:55
virpi,,Virpi,,1,,5/24/2024 2:55
virva,,Virva,,1,,5/24/2024 2:55
virv·,,Virv·,,1,,5/24/2024 2:55
virve,,Virve,,1,,5/24/2024 2:55
vita,,Vita,,1,,5/24/2024 2:55
vivan,,Vivan,,1,,5/24/2024 2:55
viveca,,Viveca,,1,,5/24/2024 2:55
viveka,,Viveka,,1,,5/24/2024 2:55
vivi,,Vivi,,1,,5/24/2024 2:55
vivian,,Vivian,,1,,5/24/2024 2:55
viviann,,Viviann,,1,,5/24/2024 2:55
vivianne,,Vivianne,,1,,5/24/2024 2:55
vuohkku,,Vuohkku,,1,,5/24/2024 2:55
vuokko,,Vuokko,,1,,5/24/2024 2:55
wanda,,Wanda,,1,,5/24/2024 2:55
wanja,,Wanja,,1,,5/24/2024 2:55
wenche,,Wenche,,1,,5/24/2024 2:55
wendy,,Wendy,,1,,5/24/2024 2:55
wera,,Wera,,1,,5/24/2024 2:55
weronika,,Weronika,,1,,5/24/2024 2:55
wiktoria,,Wiktoria,,1,,5/24/2024 2:55
wilda,,Wilda,,1,,5/24/2024 2:55
wilhelmiina,,Wilhelmiina,,1,,5/24/2024 2:55
wilhelmina,,Wilhelmina,,1,,5/24/2024 2:55
winnie,,Winnie,,1,,5/24/2024 2:55
wioletta,,Wioletta,,1,,5/24/2024 2:55
xenia,,Xenia,,1,,5/24/2024 2:55
yana,,Yana,,1,,5/24/2024 2:55
yara,,Yara,,1,,5/24/2024 2:55
yasmin,,Yasmin,,1,,5/24/2024 2:55
yasmina,,Yasmina,,1,,5/24/2024 2:55
yasmine,,Yasmine,,1,,5/24/2024 2:55
ylfa,,Ylfa,,1,,5/24/2024 2:55
ylva,,Ylva,,1,,5/24/2024 2:55
yrsa,,Yrsa,,1,,5/24/2024 2:55
yulia,,Yulia,,1,,5/24/2024 2:55
yvette,,Yvette,,1,,5/24/2024 2:55
yvonne,,Yvonne,,1,,5/24/2024 2:55
zahra,,Zahra,,1,,5/24/2024 2:55
zandra,,Zandra,,1,,5/24/2024 2:55
zara,,Zara,,1,,5/24/2024 2:55
zelda,,Zelda,,1,,5/24/2024 2:55
zenia,,Zenia,,1,,5/24/2024 2:55
zina,,Zina,,1,,5/24/2024 2:55
zoe,,Zoe,,1,,5/24/2024 2:55
zoey,,Zoey,,1,,5/24/2024 2:55
zofia,,Zofia,,1,,5/24/2024 2:55
zuzanna,,Zuzanna,,1,,5/24/2024 2:55
,,,,,,
,,,,,,
,,,,,,
,,,,,,
,,,,,,
,,,,,,
,,,,,,
,,,,,,
,,,,,,
,,,,,,
,,,,,,
