Game reference Key,Notes,Displayed Text,Alternate Text,Frequency,Requires Suffix,Misc.
[the key used by the game to find strings],"[Not loaded into the game, for explanation only]",[The displayed string in-game],"[Alternate displayed string, eg. Nickname]",[For lists],[Does this require a suffix for naming?],[Miscellaneous]
—,—,—,—,—,—,—
sofia,Belarus,Sofia,,1,,5/9/2022 11:48
anna,Bulgarian,Anna,,1,,5/9/2022 11:48
anastasia,Czechia,Anastasia,,1,,5/9/2022 11:48
viktoria,Estonia,Viktoria,,1,,5/9/2022 11:48
veronika,Latvia,Veronika,,1,,5/9/2022 11:48
maria,Lithuania,Maria,,1,,5/9/2022 11:48
zlata,Poland,Zlata,,1,,5/9/2022 11:48
solomia,Romanian,Solomia,,1,,5/9/2022 11:48
yana,Russia,Yana,,1,,5/9/2022 11:48
angelina,Slovakia,Angelina,,1,,5/9/2022 11:48
marta,Ukraine,Marta,,1,,5/9/2022 11:48
diana,,Diana,,1,,5/9/2022 11:48
darina,,Darina,,1,,5/9/2022 11:48
yulia,,Yulia,,1,,5/9/2022 11:48
xristina,,Xristina,,1,,5/9/2022 11:48
sofija,,Sofija,,1,,5/9/2022 11:48
emilija,,Emilija,,1,,5/9/2022 11:48
alise,,Alise,,1,,5/9/2022 11:48
viktorija,,Viktorija,,1,,5/9/2022 11:48
elizabete,,Elizabete,,1,,5/9/2022 11:48
estere,,Estere,,1,,5/9/2022 11:48
anastasija,,Anastasija,,1,,5/9/2022 11:48
paula,,Paula,,1,,5/9/2022 11:48
mariam,,Mariam,,1,,5/9/2022 11:48
barbare,,Barbare,,1,,5/9/2022 11:48
elene,,Elene,,1,,5/9/2022 11:48
nino,,Nino,,1,,5/9/2022 11:48
nia,,Nia,,1,,5/9/2022 11:48
ana,,Ana,,1,,5/9/2022 11:48
lizi,,Lizi,,1,,5/9/2022 11:48
polina,,Polina,,1,,5/9/2022 11:48
darya,,Darya,,1,,5/9/2022 11:48
ksenia,,Ksenia,,1,,5/9/2022 11:48
elizabeta,,Elizabeta,,1,,5/9/2022 11:48
alisa,,Alisa,,1,,5/9/2022 11:48
aleksandra,,Aleksandra,,1,,5/9/2022 11:48
varvara,,Varvara,,1,,5/9/2022 11:48
ekaterina,,Ekaterina,,1,,5/9/2022 11:48
arina,,Arina,,1,,5/9/2022 11:48
vasilisa,,Vasilisa,,1,,5/9/2022 11:48
valeria,,Valeria,,1,,5/9/2022 11:48
milana,,Milana,,1,,5/9/2022 11:48
eva,,Eva,,1,,5/9/2022 11:48
ulyana,,Ulyana,,1,,5/9/2022 11:48
kira,,Kira,,1,,5/9/2022 11:48
vera,,Vera,,1,,5/9/2022 11:48
margarita,,Margarita,,1,,5/9/2022 11:48
alyona,,Alyona,,1,,5/9/2022 11:48
taisia,,Taisia,,1,,5/9/2022 11:48
kristina,,Kristina,,1,,5/9/2022 11:48
alina,,Alina,,1,,5/9/2022 11:48
olga,,Olga,,1,,5/9/2022 11:48
vilte,,Vilte,,1,,5/9/2022 11:48
ema,,Ema,,1,,5/9/2022 11:48
gabija,,Gabija,,1,,5/9/2022 11:48
austeja,,Austeja,,1,,5/9/2022 11:48
kamile,,Kamile,,1,,5/9/2022 11:48
ugne,,Ugne,,1,,5/9/2022 11:48
leja,,Leja,,1,,5/9/2022 11:48
lukne,,Lukne,,1,,5/9/2022 11:48
amelija,,Amelija,,1,,5/9/2022 11:48
liepa,,Liepa,,1,,5/9/2022 11:48
rugile,,Rugile,,1,,5/9/2022 11:48
elija,,Elija,,1,,5/9/2022 11:48
ieva,,Ieva,,1,,5/9/2022 11:48
gabriele,,Gabriele,,1,,5/9/2022 11:48
kotryna,,Kotryna,,1,,5/9/2022 11:48
smilte,,Smilte,,1,,5/9/2022 11:48
goda,,Goda,,1,,5/9/2022 11:48
urte,,Urte,,1,,5/9/2022 11:48
eliise,,Eliise,,1,,5/9/2022 11:48
sandra,,Sandra,,1,,5/9/2022 11:48
laura,,Laura,,1,,5/9/2022 11:48
mia,,Mia,,1,,5/9/2022 11:48
lenna,,Lenna,,1,,5/9/2022 11:48
liisa,,Liisa,,1,,5/9/2022 11:48
emiliav,,Emiliav,,1,,5/9/2022 11:48
elisabeth,,Elisabeth,,1,,5/9/2022 11:48
mirtel,,Mirtel,,1,,5/9/2022 11:48
emily,,Emily,,1,,5/9/2022 11:48
emmav,,Emmav,,1,,5/9/2022 11:48
lisandra,,Lisandra,,1,,5/9/2022 11:48
marty,,Marty,,1,,5/9/2022 11:48
loore,,Loore,,1,,5/9/2022 11:48
zahra,,Zahra,,1,,5/9/2022 11:48
nuray,,Nuray,,1,,5/9/2022 11:48
fatima,,Fatima,,1,,5/9/2022 11:48
zeynab,,Zeynab,,1,,5/9/2022 11:48
aylin,,Aylin,,1,,5/9/2022 11:48
maryam,,Maryam,,1,,5/9/2022 11:48
ayan,,Ayan,,1,,5/9/2022 11:48
melek,,Melek,,1,,5/9/2022 11:48
madina,,Madina,,1,,5/9/2022 11:48
sama,,Sama,,1,,5/9/2022 11:48
nare,,Nare,,1,,5/9/2022 11:48
milena,,Milena,,1,,5/9/2022 11:48
mary,,Mary,,1,,5/9/2022 11:48
mane,,Mane,,1,,5/9/2022 11:48
ani,,Ani,,1,,5/9/2022 11:48
anahit,,Anahit,,1,,5/9/2022 11:48
ellen,,Ellen,,1,,5/9/2022 11:48
gayane,,Gayane,,1,,5/9/2022 11:48
meri,,Meri,,1,,5/9/2022 11:48
natalie,,Natalie,,1,,5/9/2022 11:48
lilit,,Lilit,,1,,5/9/2022 11:48
gohar,,Gohar,,1,,5/9/2022 11:48
sona,,Sona,,1,,5/9/2022 11:48
susanna,,Susanna,,1,,5/9/2022 11:48
hasmik,,Hasmik,,1,,5/9/2022 11:48
karine,,Karine,,1,,5/9/2022 11:48
sofi,,Sofi,,1,,5/9/2022 11:48
lili,,Lili,,1,,5/9/2022 11:48
elina,,Elina,,1,,5/9/2022 11:48
ruzanna,,Ruzanna,,1,,5/9/2022 11:48
arevik,,Arevik,,1,,5/9/2022 11:48
anush,,Anush,,1,,5/9/2022 11:48
lusine,,Lusine,,1,,5/9/2022 11:48
karina,,Karina,,1,,5/9/2022 11:48
arpi,,Arpi,,1,,5/9/2022 11:48
sara,,Sara,,1,,5/9/2022 11:48
liana,,Liana,,1,,5/9/2022 11:48
lusy,,Lusy,,1,,5/9/2022 11:48
monika,,Monika,,1,,5/9/2022 11:48
nane,,Nane,,1,,5/9/2022 11:48
narine,,Narine,,1,,5/9/2022 11:48
lia,,Lia,,1,,5/9/2022 11:48
suzanna,,Suzanna,,1,,5/9/2022 11:48
armine,,Armine,,1,,5/9/2022 11:48
marianna,,Marianna,,1,,5/9/2022 11:48
seda,,Seda,,1,,5/9/2022 11:48
zuzanna,,Zuzanna,,1,,5/9/2022 11:48
lena,,Lena,,1,,5/9/2022 11:48
julia,,Julia,,1,,5/9/2022 11:48
maja,,Maja,,1,,5/9/2022 11:48
zofia,,Zofia,,1,,5/9/2022 11:48
hanna,,Hanna,,1,,5/9/2022 11:48
amelia,,Amelia,,1,,5/9/2022 11:48
alicja,,Alicja,,1,,5/9/2022 11:48
natalia,,Natalia,,1,,5/9/2022 11:48
wiktoria,,Wiktoria,,1,,5/9/2022 11:48
oliwia,,Oliwia,,1,,5/9/2022 11:48
emilia,,Emilia,,1,,5/9/2022 11:48
nikola,,Nikola,,1,,5/9/2022 11:48
liliana,,Liliana,,1,,5/9/2022 11:48
antonina,,Antonina,,1,,5/9/2022 11:48
nadia,,Nadia,,1,,5/9/2022 11:48
gabriela,,Gabriela,,1,,5/9/2022 11:48
iga,,Iga,,1,,5/9/2022 11:48
martyna,,Martyna,,1,,5/9/2022 11:48
pola,,Pola,,1,,5/9/2022 11:48
kornelia,,Kornelia,,1,,5/9/2022 11:48
magdalena,,Magdalena,,1,,5/9/2022 11:48
karolina,,Karolina,,1,,5/9/2022 11:48
michalina,,Michalina,,1,,5/9/2022 11:48
weronika,,Weronika,,1,,5/9/2022 11:48
marcelina,,Marcelina,,1,,5/9/2022 11:48
agata,,Agata,,1,,5/9/2022 11:48
jagoda,,Jagoda,,1,,5/9/2022 11:48
helena,,Helena,,1,,5/9/2022 11:48
nina,,Nina,,1,,5/9/2022 11:48
barbara,,Barbara,,1,,5/9/2022 11:48
blanka,,Blanka,,1,,5/9/2022 11:48
kinga,,Kinga,,1,,5/9/2022 11:48
paulina,,Paulina,,1,,5/9/2022 11:48
lucja,,Lucja,,1,,5/9/2022 11:48
joanna,,Joanna,,1,,5/9/2022 11:48
kaja,,Kaja,,1,,5/9/2022 11:48
malgorzata,,Malgorzata,,1,,5/9/2022 11:48
patrycja,,Patrycja,,1,,5/9/2022 11:48
katarzyna,,Katarzyna,,1,,5/9/2022 11:48
anastazja,,Anastazja,,1,,5/9/2022 11:48
dominika,,Dominika,,1,,5/9/2022 11:48
klaudia,,Klaudia,,1,,5/9/2022 11:48
lilianna,,Lilianna,,1,,5/9/2022 11:48
aniela,,Aniela,,1,,5/9/2022 11:48
klara,,Klara,,1,,5/9/2022 11:48
nela,,Nela,,1,,5/9/2022 11:48
izabela,,Izabela,,1,,5/9/2022 11:48
ewa,,Ewa,,1,,5/9/2022 11:48
eliza,,Eliza,,1,,5/9/2022 11:48
kamila,,Kamila,,1,,5/9/2022 11:48
matylda,,Matylda,,1,,5/9/2022 11:48
kalina,,Kalina,,1,,5/9/2022 11:48
urszula,,Urszula,,1,,5/9/2022 11:48
daria,,Daria,,1,,5/9/2022 11:48
adrianna,,Adrianna,,1,,5/9/2022 11:48
malwina,,Malwina,,1,,5/9/2022 11:48
roza,,Roza,,1,,5/9/2022 11:48
dorota,,Dorota,,1,,5/9/2022 11:48
lidia,,Lidia,,1,,5/9/2022 11:48
bianka,,Bianka,,1,,5/9/2022 11:48
liwia,,Liwia,,1,,5/9/2022 11:48
roksana,,Roksana,,1,,5/9/2022 11:48
rozalia,,Rozalia,,1,,5/9/2022 11:48
marika,,Marika,,1,,5/9/2022 11:48
justyna,,Justyna,,1,,5/9/2022 11:48
natasza,,Natasza,,1,,5/9/2022 11:48
aurelia,,Aurelia,,1,,5/9/2022 11:48
ada,,Ada,,1,,5/9/2022 11:48
nicola,,Nicola,,1,,5/9/2022 11:48
vanessa,,Vanessa,,1,,5/9/2022 11:48
agnieszka,,Agnieszka,,1,,5/9/2022 11:48
inga,,Inga,,1,,5/9/2022 11:48
olivia,,Olivia,,1,,5/9/2022 11:48
emma,,Emma,,1,,5/9/2022 11:48
jowita,,Jowita,,1,,5/9/2022 11:48
marlena,,Marlena,,1,,5/9/2022 11:48
melania,,Melania,,1,,5/9/2022 11:48
elena,,Elena,,1,,5/9/2022 11:48
dagmara,,Dagmara,,1,,5/9/2022 11:48
victoria,,Victoria,,1,,5/9/2022 11:48
julita,,Julita,,1,,5/9/2022 11:48
nel,,Nel,,1,,5/9/2022 11:48
apolonia,,Apolonia,,1,,5/9/2022 11:48
luiza,,Luiza,,1,,5/9/2022 11:48
sonia,,Sonia,,1,,5/9/2022 11:48
ana-maria,,Ana-Maria,,1,,5/9/2022 11:48
andreea,,Andreea,,1,,5/9/2022 11:48
alexandra,,Alexandra,,1,,5/9/2022 11:48
ioana,,Ioana,,1,,5/9/2022 11:48
maria alexandra,,Maria Alexandra,,1,,5/9/2022 11:48
denisa,,Denisa,,1,,5/9/2022 11:48
bianca maria,,Bianca Maria,,1,,5/9/2022 11:48
georgiana,,Georgiana,,1,,5/9/2022 11:48
abigél,,Abigél,,1,,5/25/2024 14:30
adél,,Adél,,1,,5/25/2024 14:30
adela,,Adela,,1,,5/25/2024 14:30
adéla,,Adéla,,1,,5/25/2024 14:30
adelajda,,Adelajda,,1,,5/25/2024 14:30
adele,,Adele,,1,,5/25/2024 14:30
adelina,,Adelina,,1,,5/25/2024 14:30
adina,,Adina,,1,,5/25/2024 14:30
adriana,,Adriana,,1,,5/25/2024 14:30
aelita,,Aelita,,1,,5/25/2024 14:30
agafya,,Agafya,,1,,5/25/2024 14:30
agáta,,Agáta,,1,,5/25/2024 14:30
agatka,,Agatka,,1,,5/25/2024 14:30
age,,Age,,1,,5/25/2024 14:30
ági,,Ági,,1,,5/25/2024 14:30
aglaya,,Aglaya,,1,,5/25/2024 14:30
agna,,Agna,,1,,5/25/2024 14:30
agne,,Agne,,1,,5/25/2024 14:30
agnes,,Agnes,,1,,5/25/2024 14:30
ágnes,,Ágnes,,1,,5/25/2024 14:30
agnesa,,Agnesa,,1,,5/25/2024 14:30
agneša,,Agneša,,1,,5/25/2024 14:30
agnese,,Agnese,,1,,5/25/2024 14:30
agnessa,,Agnessa,,1,,5/25/2024 14:30
agnia,,Agnia,,1,,5/25/2024 14:30
agnija,,Agnija,,1,,5/25/2024 14:30
agniya,,Agniya,,1,,5/25/2024 14:30
ágota,,Ágota,,1,,5/25/2024 14:30
agrafena,,Agrafena,,1,,5/25/2024 14:30
aiga,,Aiga,,1,,5/25/2024 14:30
aija,,Aija,,1,,5/25/2024 14:30
aili,,Aili,,1,,5/25/2024 14:30
aina,,Aina,,1,,5/25/2024 14:30
aino,,Aino,,1,,5/25/2024 14:30
aista,,Aista,,1,,5/25/2024 14:30
aiste,,Aiste,,1,,5/25/2024 14:30
akilina,,Akilina,,1,,5/25/2024 14:30
akisinia,,Akisinia,,1,,5/25/2024 14:30
aksana,,Aksana,,1,,5/25/2024 14:30
aksinia,,Aksinia,,1,,5/25/2024 14:30
aksinya,,Aksinya,,1,,5/25/2024 14:30
akulina,,Akulina,,1,,5/25/2024 14:30
akvila,,Akvila,,1,,5/25/2024 14:30
akvile,,Akvile,,1,,5/25/2024 14:30
albena,,Albena,,1,,5/25/2024 14:30
albina,,Albina,,1,,5/25/2024 14:30
albína,,Albína,,1,,5/25/2024 14:30
aldona,,Aldona,,1,,5/25/2024 14:30
aleks,,Aleks,,1,,5/25/2024 14:30
aleksandrina,,Aleksandrina,,1,,5/25/2024 14:30
alena,,Alena,,1,,5/25/2024 14:30
alesya,,Alesya,,1,,5/25/2024 14:30
alevtina,,Alevtina,,1,,5/25/2024 14:30
alexa,,Alexa,,1,,5/25/2024 14:30
alexandrina,,Alexandrina,,1,,5/25/2024 14:30
alfreda,,Alfreda,,1,,5/25/2024 14:30
aliaksandra,,Aliaksandra,,1,,5/25/2024 14:30
alica,,Alica,,1,,5/25/2024 14:30
alice,,Alice,,1,,5/25/2024 14:30
alida,,Alida,,1,,5/25/2024 14:30
alīna,,Alīna,,1,,5/25/2024 14:30
aliona,,Aliona,,1,,5/25/2024 14:30
aliz,,Aliz,,1,,5/25/2024 14:30
alíz,,Alíz,,1,,5/25/2024 14:30
alla,,Alla,,1,,5/25/2024 14:30
allochka,,Allochka,,1,,5/25/2024 14:30
alma,,Alma,,1,,5/25/2024 14:30
aloisie,,Aloisie,,1,,5/25/2024 14:30
alojzia,,Alojzia,,1,,5/25/2024 14:30
alya,,Alya,,1,,5/25/2024 14:30
alyonka,,Alyonka,,1,,5/25/2024 14:30
alzbeta,,Alzbeta,,1,,5/25/2024 14:30
alžbeta,,Alžbeta,,1,,5/25/2024 14:30
alžběta,,Alžběta,,1,,5/25/2024 14:30
amalia,,Amalia,,1,,5/25/2024 14:30
amália,,Amália,,1,,5/25/2024 14:30
amálie,,Amálie,,1,,5/25/2024 14:30
amalija,,Amalija,,1,,5/25/2024 14:30
amaliya,,Amaliya,,1,,5/25/2024 14:30
amanda,,Amanda,,1,,5/25/2024 14:30
amēlija,,Amēlija,,1,,5/25/2024 14:30
ameliya,,Ameliya,,1,,5/25/2024 14:30
anamaria,,Anamaria,,1,,5/25/2024 14:30
anastasiya,,Anastasiya,,1,,5/25/2024 14:30
anastázia,,Anastázia,,1,,5/25/2024 14:30
anastazie,,Anastazie,,1,,5/25/2024 14:30
anastázie,,Anastázie,,1,,5/25/2024 14:30
anasztázia,,Anasztázia,,1,,5/25/2024 14:30
anca,,Anca,,1,,5/25/2024 14:30
ancuta,,Ancuta,,1,,5/25/2024 14:30
andela,,Andela,,1,,5/25/2024 14:30
anděla,,Anděla,,1,,5/25/2024 14:30
andra,,Andra,,1,,5/25/2024 14:30
andrada,,Andrada,,1,,5/25/2024 14:30
andrea,,Andrea,,1,,5/25/2024 14:30
andriana,,Andriana,,1,,5/25/2024 14:30
andzelika,,Andzelika,,1,,5/25/2024 14:30
anelia,,Anelia,,1,,5/25/2024 14:30
aneliya,,Aneliya,,1,,5/25/2024 14:30
aneta,,Aneta,,1,,5/25/2024 14:30
anett,,Anett,,1,,5/25/2024 14:30
anezka,,Anezka,,1,,5/25/2024 14:30
anežka,,Anežka,,1,,5/25/2024 14:30
anfisa,,Anfisa,,1,,5/25/2024 14:30
angela,,Angela,,1,,5/25/2024 14:30
angéla,,Angéla,,1,,5/25/2024 14:30
angele,,Angele,,1,,5/25/2024 14:30
angelica,,Angelica,,1,,5/25/2024 14:30
angelika,,Angelika,,1,,5/25/2024 14:30
angyalka,,Angyalka,,1,,5/25/2024 14:30
anhelina,,Anhelina,,1,,5/25/2024 14:30
ania,,Ania,,1,,5/25/2024 14:30
anielka,,Anielka,,1,,5/25/2024 14:30
anika,,Anika,,1,,5/25/2024 14:30
anikó,,Anikó,,1,,5/25/2024 14:30
anisoara,,Anisoara,,1,,5/25/2024 14:30
anita,,Anita,,1,,5/25/2024 14:30
anjelika,,Anjelika,,1,,5/25/2024 14:30
anka,,Anka,,1,,5/25/2024 14:30
annamária,,Annamária,,1,,5/25/2024 14:30
anne,,Anne,,1,,5/25/2024 14:30
anneli,,Anneli,,1,,5/25/2024 14:30
anni,,Anni,,1,,5/25/2024 14:30
annika,,Annika,,1,,5/25/2024 14:30
annushka,,Annushka,,1,,5/25/2024 14:30
antanina,,Antanina,,1,,5/25/2024 14:30
antonia,,Antonia,,1,,5/25/2024 14:30
antónia,,Antónia,,1,,5/25/2024 14:30
antonie,,Antonie,,1,,5/25/2024 14:30
antonija,,Antonija,,1,,5/25/2024 14:30
antoniya,,Antoniya,,1,,5/25/2024 14:30
anu,,Anu,,1,,5/25/2024 14:30
anya,,Anya,,1,,5/25/2024 14:30
anželika,,Anželika,,1,,5/25/2024 14:30
anzhela,,Anzhela,,1,,5/25/2024 14:30
anzhelika,,Anzhelika,,1,,5/25/2024 14:30
anzhelina,,Anzhelina,,1,,5/25/2024 14:30
apolena,,Apolena,,1,,5/25/2024 14:30
apollinariya,,Apollinariya,,1,,5/25/2024 14:30
apolonija,,Apolonija,,1,,5/25/2024 14:30
aranka,,Aranka,,1,,5/25/2024 14:30
ariadna,,Ariadna,,1,,5/25/2024 14:30
arisha,,Arisha,,1,,5/25/2024 14:30
asia,,Asia,,1,,5/25/2024 14:30
assol,,Assol,,1,,5/25/2024 14:30
asya,,Asya,,1,,5/25/2024 14:30
atena,,Atena,,1,,5/25/2024 14:30
audra,,Audra,,1,,5/25/2024 14:30
augusta,,Augusta,,1,,5/25/2024 14:30
auguste,,Auguste,,1,,5/25/2024 14:30
augustyna,,Augustyna,,1,,5/25/2024 14:30
aurélia,,Aurélia,,1,,5/25/2024 14:30
aurelija,,Aurelija,,1,,5/25/2024 14:30
aurica,,Aurica,,1,,5/25/2024 14:30
aurora,,Aurora,,1,,5/25/2024 14:30
ausma,,Ausma,,1,,5/25/2024 14:30
aušra,,Aušra,,1,,5/25/2024 14:30
austaja,,Austaja,,1,,5/25/2024 14:30
austra,,Austra,,1,,5/25/2024 14:30
avdotya,,Avdotya,,1,,5/25/2024 14:30
ave,,Ave,,1,,5/25/2024 14:30
avgusta,,Avgusta,,1,,5/25/2024 14:30
avrora,,Avrora,,1,,5/25/2024 14:30
azaliya,,Azaliya,,1,,5/25/2024 14:30
balbina,,Balbina,,1,,5/25/2024 14:30
barbora,,Barbora,,1,,5/25/2024 14:30
basia,,Basia,,1,,5/25/2024 14:30
bea,,Bea,,1,,5/25/2024 14:30
beata,,Beata,,1,,5/25/2024 14:30
beáta,,Beáta,,1,,5/25/2024 14:30
beate,,Beate,,1,,5/25/2024 14:30
beāte,,Beāte,,1,,5/25/2024 14:30
beatrice,,Beatrice,,1,,5/25/2024 14:30
beatrise,,Beatrise,,1,,5/25/2024 14:30
beatrix,,Beatrix,,1,,5/25/2024 14:30
beatrycze,,Beatrycze,,1,,5/25/2024 14:30
bedriska,,Bedriska,,1,,5/25/2024 14:30
bedřiška,,Bedřiška,,1,,5/25/2024 14:30
bela,,Bela,,1,,5/25/2024 14:30
běla,,Běla,,1,,5/25/2024 14:30
benedykta,,Benedykta,,1,,5/25/2024 14:30
berenika,,Berenika,,1,,5/25/2024 14:30
bernadeta,,Bernadeta,,1,,5/25/2024 14:30
bernadett,,Bernadett,,1,,5/25/2024 14:30
bernadetta,,Bernadetta,,1,,5/25/2024 14:30
berta,,Berta,,1,,5/25/2024 14:30
bettina,,Bettina,,1,,5/25/2024 14:30
bianca,,Bianca,,1,,5/25/2024 14:30
bibiána,,Bibiána,,1,,5/25/2024 14:30
bíborka,,Bíborka,,1,,5/25/2024 14:30
bilyana,,Bilyana,,1,,5/25/2024 14:30
birgit,,Birgit,,1,,5/25/2024 14:30
biruta,,Biruta,,1,,5/25/2024 14:30
birute,,Birute,,1,,5/25/2024 14:30
bisera,,Bisera,,1,,5/25/2024 14:30
bistra,,Bistra,,1,,5/25/2024 14:30
blaga,,Blaga,,1,,5/25/2024 14:30
blagorodna,,Blagorodna,,1,,5/25/2024 14:30
blagovesta,,Blagovesta,,1,,5/25/2024 14:30
blazena,,Blazena,,1,,5/25/2024 14:30
blažena,,Blažena,,1,,5/25/2024 14:30
bogdana,,Bogdana,,1,,5/25/2024 14:30
boglárka,,Boglárka,,1,,5/25/2024 14:30
bogna,,Bogna,,1,,5/25/2024 14:30
bogumiła,,Bogumiła,,1,,5/25/2024 14:30
bogusława,,Bogusława,,1,,5/25/2024 14:30
bohdana,,Bohdana,,1,,5/25/2024 14:30
bohumila,,Bohumila,,1,,5/25/2024 14:30
bohuslava,,Bohuslava,,1,,5/25/2024 14:30
boleslava,,Boleslava,,1,,5/25/2024 14:30
bolesława,,Bolesława,,1,,5/25/2024 14:30
borbála,,Borbála,,1,,5/25/2024 14:30
borislava,,Borislava,,1,,5/25/2024 14:30
boróka,,Boróka,,1,,5/25/2024 14:30
boyana,,Boyana,,1,,5/25/2024 14:30
boyka,,Boyka,,1,,5/25/2024 14:30
bozena,,Bozena,,1,,5/25/2024 14:30
božena,,Božena,,1,,5/25/2024 14:30
bozhidara,,Bozhidara,,1,,5/25/2024 14:30
bözsi,,Bözsi,,1,,5/25/2024 14:30
brandusa,,Brandusa,,1,,5/25/2024 14:30
branimira,,Branimira,,1,,5/25/2024 14:30
branislava,,Branislava,,1,,5/25/2024 14:30
brigita,,Brigita,,1,,5/25/2024 14:30
brigitta,,Brigitta,,1,,5/25/2024 14:30
bronislava,,Bronislava,,1,,5/25/2024 14:30
bronisława,,Bronisława,,1,,5/25/2024 14:30
brygida,,Brygida,,1,,5/25/2024 14:30
camelia,,Camelia,,1,,5/25/2024 14:30
carmen,,Carmen,,1,,5/25/2024 14:30
casandra,,Casandra,,1,,5/25/2024 14:30
catalina,,Catalina,,1,,5/25/2024 14:30
catina,,Catina,,1,,5/25/2024 14:30
catrinel,,Catrinel,,1,,5/25/2024 14:30
cecilia,,Cecilia,,1,,5/25/2024 14:30
cecília,,Cecília,,1,,5/25/2024 14:30
cecilie,,Cecilie,,1,,5/25/2024 14:30
cecílie,,Cecílie,,1,,5/25/2024 14:30
cecylia,,Cecylia,,1,,5/25/2024 14:30
celestyna,,Celestyna,,1,,5/25/2024 14:30
celina,,Celina,,1,,5/25/2024 14:30
cezara,,Cezara,,1,,5/25/2024 14:30
cili,,Cili,,1,,5/25/2024 14:30
cintia,,Cintia,,1,,5/25/2024 14:30
clara,,Clara,,1,,5/25/2024 14:30
claudia,,Claudia,,1,,5/25/2024 14:30
constanta,,Constanta,,1,,5/25/2024 14:30
constantina,,Constantina,,1,,5/25/2024 14:30
corina,,Corina,,1,,5/25/2024 14:30
cornelia,,Cornelia,,1,,5/25/2024 14:30
cosmina,,Cosmina,,1,,5/25/2024 14:30
crina,,Crina,,1,,5/25/2024 14:30
cristiana,,Cristiana,,1,,5/25/2024 14:30
cristina,,Cristina,,1,,5/25/2024 14:30
csenge,,Csenge,,1,,5/25/2024 14:30
csilla,,Csilla,,1,,5/25/2024 14:30
czesława,,Czesława,,1,,5/25/2024 14:30
dace,,Dace,,1,,5/25/2024 14:30
daciana,,Daciana,,1,,5/25/2024 14:30
dafina,,Dafina,,1,,5/25/2024 14:30
dagmar,,Dagmar,,1,,5/25/2024 14:30
dagnija,,Dagnija,,1,,5/25/2024 14:30
daiga,,Daiga,,1,,5/25/2024 14:30
daina,,Daina,,1,,5/25/2024 14:30
daiva,,Daiva,,1,,5/25/2024 14:30
dalia,,Dalia,,1,,5/25/2024 14:30
dalma,,Dalma,,1,,5/25/2024 14:30
damara,,Damara,,1,,5/25/2024 14:30
dana,,Dana,,1,,5/25/2024 14:30
danguola,,Danguola,,1,,5/25/2024 14:30
danguole,,Danguole,,1,,5/25/2024 14:30
danica,,Danica,,1,,5/25/2024 14:30
daniela,,Daniela,,1,,5/25/2024 14:30
daniella,,Daniella,,1,,5/25/2024 14:30
danka,,Danka,,1,,5/25/2024 14:30
danuta,,Danuta,,1,,5/25/2024 14:30
danute,,Danute,,1,,5/25/2024 14:30
darinka,,Darinka,,1,,5/25/2024 14:30
dariya,,Dariya,,1,,5/25/2024 14:30
darja,,Darja,,1,,5/25/2024 14:30
darta,,Darta,,1,,5/25/2024 14:30
dārta,,Dārta,,1,,5/25/2024 14:30
daryna,,Daryna,,1,,5/25/2024 14:30
dáša,,Dáša,,1,,5/25/2024 14:30
dasha,,Dasha,,1,,5/25/2024 14:30
deimanta,,Deimanta,,1,,5/25/2024 14:30
deimante,,Deimante,,1,,5/25/2024 14:30
dekla,,Dekla,,1,,5/25/2024 14:30
dēkla,,Dēkla,,1,,5/25/2024 14:30
delia,,Delia,,1,,5/25/2024 14:30
délia,,Délia,,1,,5/25/2024 14:30
demetra,,Demetra,,1,,5/25/2024 14:30
denica,,Denica,,1,,5/25/2024 14:30
denitsa,,Denitsa,,1,,5/25/2024 14:30
desislava,,Desislava,,1,,5/25/2024 14:30
dessislava,,Dessislava,,1,,5/25/2024 14:30
diána,,Diána,,1,,5/25/2024 14:30
diāna,,Diāna,,1,,5/25/2024 14:30
dina,,Dina,,1,,5/25/2024 14:30
dita,,Dita,,1,,5/25/2024 14:30
dobromila,,Dobromila,,1,,5/25/2024 14:30
dobromiła,,Dobromiła,,1,,5/25/2024 14:30
dobroslava,,Dobroslava,,1,,5/25/2024 14:30
dobrosława,,Dobrosława,,1,,5/25/2024 14:30
doina,,Doina,,1,,5/25/2024 14:30
domanta,,Domanta,,1,,5/25/2024 14:30
domante,,Domante,,1,,5/25/2024 14:30
dominka,,Dominka,,1,,5/25/2024 14:30
donata,,Donata,,1,,5/25/2024 14:30
donka,,Donka,,1,,5/25/2024 14:30
dora,,Dora,,1,,5/25/2024 14:30
dóra,,Dóra,,1,,5/25/2024 14:30
dorina,,Dorina,,1,,5/25/2024 14:30
dorka,,Dorka,,1,,5/25/2024 14:30
dorotaja,,Dorotaja,,1,,5/25/2024 14:30
doroteja,,Doroteja,,1,,5/25/2024 14:30
doroteya,,Doroteya,,1,,5/25/2024 14:30
dorottya,,Dorottya,,1,,5/25/2024 14:30
dosia,,Dosia,,1,,5/25/2024 14:30
doubravka,,Doubravka,,1,,5/25/2024 14:30
dovila,,Dovila,,1,,5/25/2024 14:30
dovile,,Dovile,,1,,5/25/2024 14:30
draha,,Draha,,1,,5/25/2024 14:30
drahomíra,,Drahomíra,,1,,5/25/2024 14:30
drahoslava,,Drahoslava,,1,,5/25/2024 14:30
dumitra,,Dumitra,,1,,5/25/2024 14:30
dunya,,Dunya,,1,,5/25/2024 14:30
dunyasha,,Dunyasha,,1,,5/25/2024 14:30
dušana,,Dušana,,1,,5/25/2024 14:30
dzesika,,Dzesika,,1,,5/25/2024 14:30
dzidra,,Dzidra,,1,,5/25/2024 14:30
dzintra,,Dzintra,,1,,5/25/2024 14:30
dzsenifer,,Dzsenifer,,1,,5/25/2024 14:30
dzsesszika,,Dzsesszika,,1,,5/25/2024 14:30
ecaterina,,Ecaterina,,1,,5/25/2024 14:30
edina,,Edina,,1,,5/25/2024 14:30
edit,,Edit,,1,,5/25/2024 14:30
edita,,Edita,,1,,5/25/2024 14:30
edite,,Edite,,1,,5/25/2024 14:30
edīte,,Edīte,,1,,5/25/2024 14:30
edyta,,Edyta,,1,,5/25/2024 14:30
eeva,,Eeva,,1,,5/25/2024 14:30
eevi,,Eevi,,1,,5/25/2024 14:30
egla,,Egla,,1,,5/25/2024 14:30
egle,,Egle,,1,,5/25/2024 14:30
eha,,Eha,,1,,5/25/2024 14:30
eimanta,,Eimanta,,1,,5/25/2024 14:30
eimante,,Eimante,,1,,5/25/2024 14:30
ela,,Ela,,1,,5/25/2024 14:30
elen,,Elen,,1,,5/25/2024 14:30
elēna,,Elēna,,1,,5/25/2024 14:30
eleonora,,Eleonora,,1,,5/25/2024 14:30
eleonóra,,Eleonóra,,1,,5/25/2024 14:30
eligia,,Eligia,,1,,5/25/2024 14:30
eliisabet,,Eliisabet,,1,,5/25/2024 14:30
elīna,,Elīna,,1,,5/25/2024 14:30
elisabeta,,Elisabeta,,1,,5/25/2024 14:30
elisaveta,,Elisaveta,,1,,5/25/2024 14:30
eliška,,Eliška,,1,,5/25/2024 14:30
elita,,Elita,,1,,5/25/2024 14:30
elīza,,Elīza,,1,,5/25/2024 14:30
elizabet,,Elizabet,,1,,5/25/2024 14:30
elizaveta,,Elizaveta,,1,,5/25/2024 14:30
ella,,Ella,,1,,5/25/2024 14:30
elmira,,Elmira,,1,,5/25/2024 14:30
elo,,Elo,,1,,5/25/2024 14:30
elvi,,Elvi,,1,,5/25/2024 14:30
elviira,,Elviira,,1,,5/25/2024 14:30
elvira,,Elvira,,1,,5/25/2024 14:30
elvīra,,Elvīra,,1,,5/25/2024 14:30
elwira,,Elwira,,1,,5/25/2024 14:30
elza,,Elza,,1,,5/25/2024 14:30
elzbieta,,Elzbieta,,1,,5/25/2024 14:30
elžbieta,,Elžbieta,,1,,5/25/2024 14:30
elze,,Elze,,1,,5/25/2024 14:30
emanuela,,Emanuela,,1,,5/25/2024 14:30
emese,,Emese,,1,,5/25/2024 14:30
emili,,Emili,,1,,5/25/2024 14:30
emília,,Emília,,1,,5/25/2024 14:30
emilie,,Emilie,,1,,5/25/2024 14:30
emílie,,Emílie,,1,,5/25/2024 14:30
emīlija,,Emīlija,,1,,5/25/2024 14:30
emiliya,,Emiliya,,1,,5/25/2024 14:30
endla,,Endla,,1,,5/25/2024 14:30
ene,,Ene,,1,,5/25/2024 14:30
enija,,Enija,,1,,5/25/2024 14:30
erika,,Erika,,1,,5/25/2024 14:30
ērika,,Ērika,,1,,5/25/2024 14:30
ernesta,,Ernesta,,1,,5/25/2024 14:30
eryka,,Eryka,,1,,5/25/2024 14:30
erzsébet,,Erzsébet,,1,,5/25/2024 14:30
erzsi,,Erzsi,,1,,5/25/2024 14:30
esfir,,Esfir,,1,,5/25/2024 14:30
ester,,Ester,,1,,5/25/2024 14:30
estera,,Estera,,1,,5/25/2024 14:30
eszter,,Eszter,,1,,5/25/2024 14:30
eszti,,Eszti,,1,,5/25/2024 14:30
etel,,Etel,,1,,5/25/2024 14:30
etelka,,Etelka,,1,,5/25/2024 14:30
eufrozina,,Eufrozina,,1,,5/25/2024 14:30
eugenia,,Eugenia,,1,,5/25/2024 14:30
eugenija,,Eugenija,,1,,5/25/2024 14:30
eulalia,,Eulalia,,1,,5/25/2024 14:30
eulália,,Eulália,,1,,5/25/2024 14:30
eunika,,Eunika,,1,,5/25/2024 14:30
éva,,Éva,,1,,5/25/2024 14:30
evangeliya,,Evangeliya,,1,,5/25/2024 14:30
evdokiya,,Evdokiya,,1,,5/25/2024 14:30
eve,,Eve,,1,,5/25/2024 14:30
evelin,,Evelin,,1,,5/25/2024 14:30
evelina,,Evelina,,1,,5/25/2024 14:30
evelína,,Evelína,,1,,5/25/2024 14:30
evelīna,,Evelīna,,1,,5/25/2024 14:30
evgenia,,Evgenia,,1,,5/25/2024 14:30
evgeniya,,Evgeniya,,1,,5/25/2024 14:30
évike,,Évike,,1,,5/25/2024 14:30
evita,,Evita,,1,,5/25/2024 14:30
evpraksiya,,Evpraksiya,,1,,5/25/2024 14:30
evzenie,,Evzenie,,1,,5/25/2024 14:30
evženie,,Evženie,,1,,5/25/2024 14:30
ewelina,,Ewelina,,1,,5/25/2024 14:30
faina,,Faina,,1,,5/25/2024 14:30
fanni,,Fanni,,1,,5/25/2024 14:30
faustyna,,Faustyna,,1,,5/25/2024 14:30
fedora,,Fedora,,1,,5/25/2024 14:30
felicia,,Felicia,,1,,5/25/2024 14:30
felícia,,Felícia,,1,,5/25/2024 14:30
felicitás,,Felicitás,,1,,5/25/2024 14:30
felicja,,Felicja,,1,,5/25/2024 14:30
felicyta,,Felicyta,,1,,5/25/2024 14:30
feodora,,Feodora,,1,,5/25/2024 14:30
feodosiya,,Feodosiya,,1,,5/25/2024 14:30
filipina,,Filipina,,1,,5/25/2024 14:30
filomena,,Filomena,,1,,5/25/2024 14:30
flavia,,Flavia,,1,,5/25/2024 14:30
flóra,,Flóra,,1,,5/25/2024 14:30
florentina,,Florentina,,1,,5/25/2024 14:30
florentyna,,Florentyna,,1,,5/25/2024 14:30
floriana,,Floriana,,1,,5/25/2024 14:30
florina,,Florina,,1,,5/25/2024 14:30
franciska,,Franciska,,1,,5/25/2024 14:30
franciszka,,Franciszka,,1,,5/25/2024 14:30
frantiska,,Frantiska,,1,,5/25/2024 14:30
františka,,Františka,,1,,5/25/2024 14:30
fruzsina,,Fruzsina,,1,,5/25/2024 14:30
fryderyka,,Fryderyka,,1,,5/25/2024 14:30
fyokla,,Fyokla,,1,,5/25/2024 14:30
gabi,,Gabi,,1,,5/25/2024 14:30
gabriella,,Gabriella,,1,,5/25/2024 14:30
gaja,,Gaja,,1,,5/25/2024 14:30
gala,,Gala,,1,,5/25/2024 14:30
galena,,Galena,,1,,5/25/2024 14:30
galina,,Galina,,1,,5/25/2024 14:30
galya,,Galya,,1,,5/25/2024 14:30
ganna,,Ganna,,1,,5/25/2024 14:30
gavrila,,Gavrila,,1,,5/25/2024 14:30
gelina,,Gelina,,1,,5/25/2024 14:30
gena,,Gena,,1,,5/25/2024 14:30
gene,,Gene,,1,,5/25/2024 14:30
gennadiya,,Gennadiya,,1,,5/25/2024 14:30
genovaita,,Genovaita,,1,,5/25/2024 14:30
genovaite,,Genovaite,,1,,5/25/2024 14:30
genowefa,,Genowefa,,1,,5/25/2024 14:30
genya,,Genya,,1,,5/25/2024 14:30
georgeta,,Georgeta,,1,,5/25/2024 14:30
georgina,,Georgina,,1,,5/25/2024 14:30
gergana,,Gergana,,1,,5/25/2024 14:30
gergina,,Gergina,,1,,5/25/2024 14:30
gertrúd,,Gertrúd,,1,,5/25/2024 14:30
gertruda,,Gertruda,,1,,5/25/2024 14:30
gertrúda,,Gertrúda,,1,,5/25/2024 14:30
gertrūda,,Gertrūda,,1,,5/25/2024 14:30
giedra,,Giedra,,1,,5/25/2024 14:30
giedre,,Giedre,,1,,5/25/2024 14:30
ginka,,Ginka,,1,,5/25/2024 14:30
gintara,,Gintara,,1,,5/25/2024 14:30
gintare,,Gintare,,1,,5/25/2024 14:30
gita,,Gita,,1,,5/25/2024 14:30
gitta,,Gitta,,1,,5/25/2024 14:30
gizella,,Gizella,,1,,5/25/2024 14:30
gizi,,Gizi,,1,,5/25/2024 14:30
glafira,,Glafira,,1,,5/25/2024 14:30
glikeriya,,Glikeriya,,1,,5/25/2024 14:30
glória,,Glória,,1,,5/25/2024 14:30
glorija,,Glorija,,1,,5/25/2024 14:30
gosia,,Gosia,,1,,5/25/2024 14:30
gracja,,Gracja,,1,,5/25/2024 14:30
gracjana,,Gracjana,,1,,5/25/2024 14:30
gražina,,Gražina,,1,,5/25/2024 14:30
grazyna,,Grazyna,,1,,5/25/2024 14:30
greta,,Greta,,1,,5/25/2024 14:30
gréta,,Gréta,,1,,5/25/2024 14:30
grozda,,Grozda,,1,,5/25/2024 14:30
grozdana,,Grozdana,,1,,5/25/2024 14:30
grusha,,Grusha,,1,,5/25/2024 14:30
gundega,,Gundega,,1,,5/25/2024 14:30
gunta,,Gunta,,1,,5/25/2024 14:30
gyöngyi,,Gyöngyi,,1,,5/25/2024 14:30
gyöngyvér,,Gyöngyvér,,1,,5/25/2024 14:30
györgyi,,Györgyi,,1,,5/25/2024 14:30
györgyike,,Györgyike,,1,,5/25/2024 14:30
hajna,,Hajna,,1,,5/25/2024 14:30
hajnal,,Hajnal,,1,,5/25/2024 14:30
hajnalka,,Hajnalka,,1,,5/25/2024 14:30
hajni,,Hajni,,1,,5/25/2024 14:30
halina,,Halina,,1,,5/25/2024 14:30
halinka,,Halinka,,1,,5/25/2024 14:30
halyna,,Halyna,,1,,5/25/2024 14:30
hana,,Hana,,1,,5/25/2024 14:30
hanga,,Hanga,,1,,5/25/2024 14:30
hania,,Hania,,1,,5/25/2024 14:30
hédi,,Hédi,,1,,5/25/2024 14:30
hedvig,,Hedvig,,1,,5/25/2024 14:30
hedviga,,Hedviga,,1,,5/25/2024 14:30
hedvika,,Hedvika,,1,,5/25/2024 14:30
helen,,Helen,,1,,5/25/2024 14:30
heléna,,Heléna,,1,,5/25/2024 14:30
helēna,,Helēna,,1,,5/25/2024 14:30
helenka,,Helenka,,1,,5/25/2024 14:30
helga,,Helga,,1,,5/25/2024 14:30
heli,,Heli,,1,,5/25/2024 14:30
helle,,Helle,,1,,5/25/2024 14:30
helve,,Helve,,1,,5/25/2024 14:30
henriett,,Henriett,,1,,5/25/2024 14:30
henrietta,,Henrietta,,1,,5/25/2024 14:30
henrika,,Henrika,,1,,5/25/2024 14:30
henryka,,Henryka,,1,,5/25/2024 14:30
hermina,,Hermina,,1,,5/25/2024 14:30
hermína,,Hermína,,1,,5/25/2024 14:30
hiacynta,,Hiacynta,,1,,5/25/2024 14:30
hilda,,Hilda,,1,,5/25/2024 14:30
hilja,,Hilja,,1,,5/25/2024 14:30
honorata,,Honorata,,1,,5/25/2024 14:30
hristina,,Hristina,,1,,5/25/2024 14:30
iasmina,,Iasmina,,1,,5/25/2024 14:30
ibolya,,Ibolya,,1,,5/25/2024 14:30
ida,,Ida,,1,,5/25/2024 14:30
idalia,,Idalia,,1,,5/25/2024 14:30
igla,,Igla,,1,,5/25/2024 14:30
igle,,Igle,,1,,5/25/2024 14:30
ignacja,,Ignacja,,1,,5/25/2024 14:30
ildi,,Ildi,,1,,5/25/2024 14:30
ildikó,,Ildikó,,1,,5/25/2024 14:30
ildó,,Ildó,,1,,5/25/2024 14:30
ileana,,Ileana,,1,,5/25/2024 14:30
ilga,,Ilga,,1,,5/25/2024 14:30
ili,,Ili,,1,,5/25/2024 14:30
iliana,,Iliana,,1,,5/25/2024 14:30
ilike,,Ilike,,1,,5/25/2024 14:30
ilina,,Ilina,,1,,5/25/2024 14:30
ilinca,,Ilinca,,1,,5/25/2024 14:30
iliyana,,Iliyana,,1,,5/25/2024 14:30
ilka,,Ilka,,1,,5/25/2024 14:30
ilme,,Ilme,,1,,5/25/2024 14:30
ilona,,Ilona,,1,,5/25/2024 14:30
ilonka,,Ilonka,,1,,5/25/2024 14:30
ilze,,Ilze,,1,,5/25/2024 14:30
imbi,,Imbi,,1,,5/25/2024 14:30
imriška,,Imriška,,1,,5/25/2024 14:30
ina,,Ina,,1,,5/25/2024 14:30
inara,,Inara,,1,,5/25/2024 14:30
ināra,,Ināra,,1,,5/25/2024 14:30
inesa,,Inesa,,1,,5/25/2024 14:30
inese,,Inese,,1,,5/25/2024 14:30
inessa,,Inessa,,1,,5/25/2024 14:30
inge,,Inge,,1,,5/25/2024 14:30
ingrid,,Ingrid,,1,,5/25/2024 14:30
ingrida,,Ingrida,,1,,5/25/2024 14:30
ingrīda,,Ingrīda,,1,,5/25/2024 14:30
inguna,,Inguna,,1,,5/25/2024 14:30
ingūna,,Ingūna,,1,,5/25/2024 14:30
inha,,Inha,,1,,5/25/2024 14:30
inna,,Inna,,1,,5/25/2024 14:30
inta,,Inta,,1,,5/25/2024 14:30
iolanda,,Iolanda,,1,,5/25/2024 14:30
iolanta,,Iolanta,,1,,5/25/2024 14:30
ionela,,Ionela,,1,,5/25/2024 14:30
ira,,Ira,,1,,5/25/2024 14:30
iraida,,Iraida,,1,,5/25/2024 14:30
irén,,Irén,,1,,5/25/2024 14:30
irena,,Irena,,1,,5/25/2024 14:30
irēna,,Irēna,,1,,5/25/2024 14:30
irenka,,Irenka,,1,,5/25/2024 14:30
irina,,Irina,,1,,5/25/2024 14:30
irīna,,Irīna,,1,,5/25/2024 14:30
irinushka,,Irinushka,,1,,5/25/2024 14:30
irma,,Irma,,1,,5/25/2024 14:30
irmina,,Irmina,,1,,5/25/2024 14:30
iryna,,Iryna,,1,,5/25/2024 14:30
isabela,,Isabela,,1,,5/25/2024 14:30
isabella,,Isabella,,1,,5/25/2024 14:30
iskra,,Iskra,,1,,5/25/2024 14:30
iulia,,Iulia,,1,,5/25/2024 14:30
iuliana,,Iuliana,,1,,5/25/2024 14:30
iva,,Iva,,1,,5/25/2024 14:30
ivana,,Ivana,,1,,5/25/2024 14:30
ivanka,,Ivanka,,1,,5/25/2024 14:30
ivanna,,Ivanna,,1,,5/25/2024 14:30
ivayla,,Ivayla,,1,,5/25/2024 14:30
ivet,,Ivet,,1,,5/25/2024 14:30
iveta,,Iveta,,1,,5/25/2024 14:30
ivett,,Ivett,,1,,5/25/2024 14:30
ivka,,Ivka,,1,,5/25/2024 14:30
ivona,,Ivona,,1,,5/25/2024 14:30
iwona,,Iwona,,1,,5/25/2024 14:30
iya,,Iya,,1,,5/25/2024 14:30
iza,,Iza,,1,,5/25/2024 14:30
izabele,,Izabele,,1,,5/25/2024 14:30
izabella,,Izabella,,1,,5/25/2024 14:30
izebela,,Izebela,,1,,5/25/2024 14:30
izidóra,,Izidóra,,1,,5/25/2024 14:30
izolda,,Izolda,,1,,5/25/2024 14:30
jaana,,Jaana,,1,,5/25/2024 14:30
jadvyga,,Jadvyga,,1,,5/25/2024 14:30
jadwiga,,Jadwiga,,1,,5/25/2024 14:30
jadzia,,Jadzia,,1,,5/25/2024 14:30
jaga,,Jaga,,1,,5/25/2024 14:30
jagienka,,Jagienka,,1,,5/25/2024 14:30
jagna,,Jagna,,1,,5/25/2024 14:30
jagusia,,Jagusia,,1,,5/25/2024 14:30
jana,,Jana,,1,,5/25/2024 14:30
janika,,Janika,,1,,5/25/2024 14:30
janina,,Janina,,1,,5/25/2024 14:30
janīna,,Janīna,,1,,5/25/2024 14:30
janka,,Janka,,1,,5/25/2024 14:30
janne,,Janne,,1,,5/25/2024 14:30
jarka,,Jarka,,1,,5/25/2024 14:30
jarmila,,Jarmila,,1,,5/25/2024 14:30
jaromíra,,Jaromíra,,1,,5/25/2024 14:30
jaroslava,,Jaroslava,,1,,5/25/2024 14:30
jarosława,,Jarosława,,1,,5/25/2024 14:30
jasmína,,Jasmína,,1,,5/25/2024 14:30
jaśmina,,Jaśmina,,1,,5/25/2024 14:30
jašmina,,Jašmina,,1,,5/25/2024 14:30
jázmin,,Jázmin,,1,,5/25/2024 14:30
jekaterina,,Jekaterina,,1,,5/25/2024 14:30
jela,,Jela,,1,,5/25/2024 14:30
jelena,,Jelena,,1,,5/25/2024 14:30
jelizaveta,,Jelizaveta,,1,,5/25/2024 14:30
jesika,,Jesika,,1,,5/25/2024 14:30
jevgenija,,Jevgenija,,1,,5/25/2024 14:30
jevgēnija,,Jevgēnija,,1,,5/25/2024 14:30
jindriska,,Jindriska,,1,,5/25/2024 14:30
jindřiška,,Jindřiška,,1,,5/25/2024 14:30
jirina,,Jirina,,1,,5/25/2024 14:30
jiřina,,Jiřina,,1,,5/25/2024 14:30
jitka,,Jitka,,1,,5/25/2024 14:30
joasia,,Joasia,,1,,5/25/2024 14:30
johana,,Johana,,1,,5/25/2024 14:30
johanna,,Johanna,,1,,5/25/2024 14:30
jola,,Jola,,1,,5/25/2024 14:30
jolán,,Jolán,,1,,5/25/2024 14:30
jolana,,Jolana,,1,,5/25/2024 14:30
jolánka,,Jolánka,,1,,5/25/2024 14:30
jolanta,,Jolanta,,1,,5/25/2024 14:30
josefína,,Josefína,,1,,5/25/2024 14:30
jozefa,,Jozefa,,1,,5/25/2024 14:30
józefa,,Józefa,,1,,5/25/2024 14:30
jozefína,,Jozefína,,1,,5/25/2024 14:30
józefina,,Józefina,,1,,5/25/2024 14:30
judit,,Judit,,1,,5/25/2024 14:30
judita,,Judita,,1,,5/25/2024 14:30
judyta,,Judyta,,1,,5/25/2024 14:30
juli,,Juli,,1,,5/25/2024 14:30
júlia,,Júlia,,1,,5/25/2024 14:30
juliana,,Juliana,,1,,5/25/2024 14:30
juliāna,,Juliāna,,1,,5/25/2024 14:30
julianna,,Julianna,,1,,5/25/2024 14:30
julie,,Julie,,1,,5/25/2024 14:30
julija,,Julija,,1,,5/25/2024 14:30
jūlija,,Jūlija,,1,,5/25/2024 14:30
juliska,,Juliska,,1,,5/25/2024 14:30
juliya,,Juliya,,1,,5/25/2024 14:30
jurata,,Jurata,,1,,5/25/2024 14:30
jurate,,Jurate,,1,,5/25/2024 14:30
jurgita,,Jurgita,,1,,5/25/2024 14:30
justina,,Justina,,1,,5/25/2024 14:30
justína,,Justína,,1,,5/25/2024 14:30
justine,,Justine,,1,,5/25/2024 14:30
justīne,,Justīne,,1,,5/25/2024 14:30
justýna,,Justýna,,1,,5/25/2024 14:30
jusztina,,Jusztina,,1,,5/25/2024 14:30
juta,,Juta,,1,,5/25/2024 14:30
kadi,,Kadi,,1,,5/25/2024 14:30
kadri,,Kadri,,1,,5/25/2024 14:30
kai,,Kai,,1,,5/25/2024 14:30
kaia,,Kaia,,1,,5/25/2024 14:30
kaidi,,Kaidi,,1,,5/25/2024 14:30
kaisa,,Kaisa,,1,,5/25/2024 14:30
kalyna,,Kalyna,,1,,5/25/2024 14:30
kamilla,,Kamilla,,1,,5/25/2024 14:30
kapka,,Kapka,,1,,5/25/2024 14:30
karin,,Karin,,1,,5/25/2024 14:30
karīna,,Karīna,,1,,5/25/2024 14:30
karla,,Karla,,1,,5/25/2024 14:30
karmen,,Karmen,,1,,5/25/2024 14:30
karola,,Karola,,1,,5/25/2024 14:30
karoliina,,Karoliina,,1,,5/25/2024 14:30
karolína,,Karolína,,1,,5/25/2024 14:30
karolīna,,Karolīna,,1,,5/25/2024 14:30
karta,,Karta,,1,,5/25/2024 14:30
kārta,,Kārta,,1,,5/25/2024 14:30
karyna,,Karyna,,1,,5/25/2024 14:30
kasandra,,Kasandra,,1,,5/25/2024 14:30
kasia,,Kasia,,1,,5/25/2024 14:30
kata,,Kata,,1,,5/25/2024 14:30
katalin,,Katalin,,1,,5/25/2024 14:30
katalinka,,Katalinka,,1,,5/25/2024 14:30
katarína,,Katarína,,1,,5/25/2024 14:30
katenka,,Katenka,,1,,5/25/2024 14:30
katerina,,Katerina,,1,,5/25/2024 14:30
kateřina,,Kateřina,,1,,5/25/2024 14:30
kateryna,,Kateryna,,1,,5/25/2024 14:30
kati,,Kati,,1,,5/25/2024 14:30
katia,,Katia,,1,,5/25/2024 14:30
katica,,Katica,,1,,5/25/2024 14:30
katina,,Katina,,1,,5/25/2024 14:30
katinka,,Katinka,,1,,5/25/2024 14:30
katka,,Katka,,1,,5/25/2024 14:30
kató,,Kató,,1,,5/25/2024 14:30
katra,,Katra,,1,,5/25/2024 14:30
katre,,Katre,,1,,5/25/2024 14:30
katrin,,Katrin,,1,,5/25/2024 14:30
katrina,,Katrina,,1,,5/25/2024 14:30
katrīna,,Katrīna,,1,,5/25/2024 14:30
katsiaryna,,Katsiaryna,,1,,5/25/2024 14:30
katya,,Katya,,1,,5/25/2024 14:30
katyusha,,Katyusha,,1,,5/25/2024 14:30
kazia,,Kazia,,1,,5/25/2024 14:30
kazimiera,,Kazimiera,,1,,5/25/2024 14:30
keita,,Keita,,1,,5/25/2024 14:30
kersti,,Kersti,,1,,5/25/2024 14:30
kertu,,Kertu,,1,,5/25/2024 14:30
khrystyna,,Khrystyna,,1,,5/25/2024 14:30
kíra,,Kíra,,1,,5/25/2024 14:30
kitti,,Kitti,,1,,5/25/2024 14:30
klára,,Klára,,1,,5/25/2024 14:30
klāra,,Klāra,,1,,5/25/2024 14:30
klaudie,,Klaudie,,1,,5/25/2024 14:30
klava,,Klava,,1,,5/25/2024 14:30
klavdia,,Klavdia,,1,,5/25/2024 14:30
klavdiya,,Klavdiya,,1,,5/25/2024 14:30
klementyna,,Klementyna,,1,,5/25/2024 14:30
klotild,,Klotild,,1,,5/25/2024 14:30
klotylda,,Klotylda,,1,,5/25/2024 14:30
konstancja,,Konstancja,,1,,5/25/2024 14:30
kornélia,,Kornélia,,1,,5/25/2024 14:30
kornélie,,Kornélie,,1,,5/25/2024 14:30
kornelija,,Kornelija,,1,,5/25/2024 14:30
korneliya,,Korneliya,,1,,5/25/2024 14:30
krasimira,,Krasimira,,1,,5/25/2024 14:30
krista,,Krista,,1,,5/25/2024 14:30
kristel,,Kristel,,1,,5/25/2024 14:30
kristi,,Kristi,,1,,5/25/2024 14:30
kristiana,,Kristiana,,1,,5/25/2024 14:30
kristiāna,,Kristiāna,,1,,5/25/2024 14:30
kristiina,,Kristiina,,1,,5/25/2024 14:30
kristin,,Kristin,,1,,5/25/2024 14:30
kristína,,Kristína,,1,,5/25/2024 14:30
kristīna,,Kristīna,,1,,5/25/2024 14:30
kristine,,Kristine,,1,,5/25/2024 14:30
kristīne,,Kristīne,,1,,5/25/2024 14:30
kristýna,,Kristýna,,1,,5/25/2024 14:30
krisztina,,Krisztina,,1,,5/25/2024 14:30
krysia,,Krysia,,1,,5/25/2024 14:30
krystiana,,Krystiana,,1,,5/25/2024 14:30
krystyna,,Krystyna,,1,,5/25/2024 14:30
krzysztofa,,Krzysztofa,,1,,5/25/2024 14:30
ksenija,,Ksenija,,1,,5/25/2024 14:30
kseniya,,Kseniya,,1,,5/25/2024 14:30
ksyusha,,Ksyusha,,1,,5/25/2024 14:30
külli,,Külli,,1,,5/25/2024 14:30
küllike,,Küllike,,1,,5/25/2024 14:30
külliki,,Külliki,,1,,5/25/2024 14:30
kunegunda,,Kunegunda,,1,,5/25/2024 14:30
kveta,,Kveta,,1,,5/25/2024 14:30
květa,,Květa,,1,,5/25/2024 14:30
kvetoslava,,Kvetoslava,,1,,5/25/2024 14:30
květoslava,,Květoslava,,1,,5/25/2024 14:30
květuše,,Květuše,,1,,5/25/2024 14:30
lacramioara,,Lacramioara,,1,,5/25/2024 14:30
lada,,Lada,,1,,5/25/2024 14:30
ladislava,,Ladislava,,1,,5/25/2024 14:30
lagle,,Lagle,,1,,5/25/2024 14:30
laima,,Laima,,1,,5/25/2024 14:30
laimuta,,Laimuta,,1,,5/25/2024 14:30
laimute,,Laimute,,1,,5/25/2024 14:30
laine,,Laine,,1,,5/25/2024 14:30
laja,,Laja,,1,,5/25/2024 14:30
lala,,Lala,,1,,5/25/2024 14:30
lalka,,Lalka,,1,,5/25/2024 14:30
lana,,Lana,,1,,5/25/2024 14:30
lara,,Lara,,1,,5/25/2024 14:30
larisa,,Larisa,,1,,5/25/2024 14:30
larysa,,Larysa,,1,,5/25/2024 14:30
lasma,,Lasma,,1,,5/25/2024 14:30
lāsma,,Lāsma,,1,,5/25/2024 14:30
lauma,,Lauma,,1,,5/25/2024 14:30
lavinia,,Lavinia,,1,,5/25/2024 14:30
lea,,Lea,,1,,5/25/2024 14:30
lechosława,,Lechosława,,1,,5/25/2024 14:30
leelo,,Leelo,,1,,5/25/2024 14:30
leena,,Leena,,1,,5/25/2024 14:30
leida,,Leida,,1,,5/25/2024 14:30
leili,,Leili,,1,,5/25/2024 14:30
léna,,Léna,,1,,5/25/2024 14:30
lenka,,Lenka,,1,,5/25/2024 14:30
lenuta,,Lenuta,,1,,5/25/2024 14:30
leokadia,,Leokadia,,1,,5/25/2024 14:30
leona,,Leona,,1,,5/25/2024 14:30
leontina,,Leontina,,1,,5/25/2024 14:30
leontýna,,Leontýna,,1,,5/25/2024 14:30
lera,,Lera,,1,,5/25/2024 14:30
lesława,,Lesława,,1,,5/25/2024 14:30
lesya,,Lesya,,1,,5/25/2024 14:30
letícia,,Letícia,,1,,5/25/2024 14:30
letycja,,Letycja,,1,,5/25/2024 14:30
liāna,,Liāna,,1,,5/25/2024 14:30
libena,,Libena,,1,,5/25/2024 14:30
liběna,,Liběna,,1,,5/25/2024 14:30
libuse,,Libuse,,1,,5/25/2024 14:30
libuše,,Libuše,,1,,5/25/2024 14:30
lídia,,Lídia,,1,,5/25/2024 14:30
lidija,,Lidija,,1,,5/25/2024 14:30
lidiya,,Lidiya,,1,,5/25/2024 14:30
lidka,,Lidka,,1,,5/25/2024 14:30
lidmila,,Lidmila,,1,,5/25/2024 14:30
lidochka,,Lidochka,,1,,5/25/2024 14:30
lidziya,,Lidziya,,1,,5/25/2024 14:30
liga,,Liga,,1,,5/25/2024 14:30
līga,,Līga,,1,,5/25/2024 14:30
ligia,,Ligia,,1,,5/25/2024 14:30
ligita,,Ligita,,1,,5/25/2024 14:30
liidia,,Liidia,,1,,5/25/2024 14:30
liina,,Liina,,1,,5/25/2024 14:30
liis,,Liis,,1,,5/25/2024 14:30
liisi,,Liisi,,1,,5/25/2024 14:30
liisu,,Liisu,,1,,5/25/2024 14:30
lilia,,Lilia,,1,,5/25/2024 14:30
liliána,,Liliána,,1,,5/25/2024 14:30
lilien,,Lilien,,1,,5/25/2024 14:30
lilija,,Lilija,,1,,5/25/2024 14:30
lilijana,,Lilijana,,1,,5/25/2024 14:30
lilita,,Lilita,,1,,5/25/2024 14:30
liliya,,Liliya,,1,,5/25/2024 14:30
liliyana,,Liliyana,,1,,5/25/2024 14:30
lilla,,Lilla,,1,,5/25/2024 14:30
lilya,,Lilya,,1,,5/25/2024 14:30
lilyana,,Lilyana,,1,,5/25/2024 14:30
lina,,Lina,,1,,5/25/2024 14:30
līna,,Līna,,1,,5/25/2024 14:30
linda,,Linda,,1,,5/25/2024 14:30
linett,,Linett,,1,,5/25/2024 14:30
liouba,,Liouba,,1,,5/25/2024 14:30
lioubov,,Lioubov,,1,,5/25/2024 14:30
liubou,,Liubou,,1,,5/25/2024 14:30
liubov,,Liubov,,1,,5/25/2024 14:30
liucija,,Liucija,,1,,5/25/2024 14:30
liudmila,,Liudmila,,1,,5/25/2024 14:30
liudmyla,,Liudmyla,,1,,5/25/2024 14:30
liudvika,,Liudvika,,1,,5/25/2024 14:30
liva,,Liva,,1,,5/25/2024 14:30
līva,,Līva,,1,,5/25/2024 14:30
livia,,Livia,,1,,5/25/2024 14:30
lívia,,Lívia,,1,,5/25/2024 14:30
livie,,Livie,,1,,5/25/2024 14:30
liza,,Liza,,1,,5/25/2024 14:30
lizaveta,,Lizaveta,,1,,5/25/2024 14:30
ljuba,,Ljuba,,1,,5/25/2024 14:30
ljubica,,Ljubica,,1,,5/25/2024 14:30
ljubomíra,,Ljubomíra,,1,,5/25/2024 14:30
ljubov,,Ljubov,,1,,5/25/2024 14:30
longina,,Longina,,1,,5/25/2024 14:30
loredana,,Loredana,,1,,5/25/2024 14:30
lorena,,Lorena,,1,,5/25/2024 14:30
lotti,,Lotti,,1,,5/25/2024 14:30
loviise,,Loviise,,1,,5/25/2024 14:30
luba,,Luba,,1,,5/25/2024 14:30
lubica,,Lubica,,1,,5/25/2024 14:30
lubomíra,,Lubomíra,,1,,5/25/2024 14:30
lubov,,Lubov,,1,,5/25/2024 14:30
lubova,,Lubova,,1,,5/25/2024 14:30
luca,,Luca,,1,,5/25/2024 14:30
lucia,,Lucia,,1,,5/25/2024 14:30
lúcia,,Lúcia,,1,,5/25/2024 14:30
luciana,,Luciana,,1,,5/25/2024 14:30
lucie,,Lucie,,1,,5/25/2024 14:30
lucija,,Lucija,,1,,5/25/2024 14:30
lūcija,,Lūcija,,1,,5/25/2024 14:30
łucja,,Łucja,,1,,5/25/2024 14:30
lucyna,,Lucyna,,1,,5/25/2024 14:30
ludmila,,Ludmila,,1,,5/25/2024 14:30
ludmiła,,Ludmiła,,1,,5/25/2024 14:30
ludmilla,,Ludmilla,,1,,5/25/2024 14:30
ludwika,,Ludwika,,1,,5/25/2024 14:30
luize,,Luize,,1,,5/25/2024 14:30
luīze,,Luīze,,1,,5/25/2024 14:30
lujza,,Lujza,,1,,5/25/2024 14:30
lukna,,Lukna,,1,,5/25/2024 14:30
luminita,,Luminita,,1,,5/25/2024 14:30
luule,,Luule,,1,,5/25/2024 14:30
lýdia,,Lýdia,,1,,5/25/2024 14:30
lydie,,Lydie,,1,,5/25/2024 14:30
lýdie,,Lýdie,,1,,5/25/2024 14:30
lyuba,,Lyuba,,1,,5/25/2024 14:30
lyubica,,Lyubica,,1,,5/25/2024 14:30
lyubo,,Lyubo,,1,,5/25/2024 14:30
lyubochka,,Lyubochka,,1,,5/25/2024 14:30
lyubomíra,,Lyubomíra,,1,,5/25/2024 14:30
lyubov,,Lyubov,,1,,5/25/2024 14:30
lyudmila,,Lyudmila,,1,,5/25/2024 14:30
lyudmyla,,Lyudmyla,,1,,5/25/2024 14:30
maarika,,Maarika,,1,,5/25/2024 14:30
maarja,,Maarja,,1,,5/25/2024 14:30
madalina,,Madalina,,1,,5/25/2024 14:30
madara,,Madara,,1,,5/25/2024 14:30
magda,,Magda,,1,,5/25/2024 14:30
magdaléna,,Magdaléna,,1,,5/25/2024 14:30
magdalina,,Magdalina,,1,,5/25/2024 14:30
magdi,,Magdi,,1,,5/25/2024 14:30
magdolna,,Magdolna,,1,,5/25/2024 14:30
mahulena,,Mahulena,,1,,5/25/2024 14:30
mai,,Mai,,1,,5/25/2024 14:30
maia,,Maia,,1,,5/25/2024 14:30
maie,,Maie,,1,,5/25/2024 14:30
maija,,Maija,,1,,5/25/2024 14:30
maimu,,Maimu,,1,,5/25/2024 14:30
maire,,Maire,,1,,5/25/2024 14:30
małgorzata,,Małgorzata,,1,,5/25/2024 14:30
małgosia,,Małgosia,,1,,5/25/2024 14:30
malina,,Malina,,1,,5/25/2024 14:30
malle,,Malle,,1,,5/25/2024 14:30
manuela,,Manuela,,1,,5/25/2024 14:30
manya,,Manya,,1,,5/25/2024 14:30
mara,,Mara,,1,,5/25/2024 14:30
māra,,Māra,,1,,5/25/2024 14:30
marcela,,Marcela,,1,,5/25/2024 14:30
marcjanna,,Marcjanna,,1,,5/25/2024 14:30
mare,,Mare,,1,,5/25/2024 14:30
maret,,Maret,,1,,5/25/2024 14:30
marfa,,Marfa,,1,,5/25/2024 14:30
margareeta,,Margareeta,,1,,5/25/2024 14:30
margareta,,Margareta,,1,,5/25/2024 14:30
margaréta,,Margaréta,,1,,5/25/2024 14:30
marge,,Marge,,1,,5/25/2024 14:30
margit,,Margit,,1,,5/25/2024 14:30
margita,,Margita,,1,,5/25/2024 14:30
marharyta,,Marharyta,,1,,5/25/2024 14:30
mari,,Mari,,1,,5/25/2024 14:30
mária,,Mária,,1,,5/25/2024 14:30
mariana,,Mariana,,1,,5/25/2024 14:30
mariann,,Mariann,,1,,5/25/2024 14:30
marica,,Marica,,1,,5/25/2024 14:30
maricica,,Maricica,,1,,5/25/2024 14:30
marie,,Marie,,1,,5/25/2024 14:30
mariela,,Mariela,,1,,5/25/2024 14:30
marietta,,Marietta,,1,,5/25/2024 14:30
marija,,Marija,,1,,5/25/2024 14:30
marijona,,Marijona,,1,,5/25/2024 14:30
marilena,,Marilena,,1,,5/25/2024 14:30
marina,,Marina,,1,,5/25/2024 14:30
marína,,Marína,,1,,5/25/2024 14:30
marinela,,Marinela,,1,,5/25/2024 14:30
mariola,,Mariola,,1,,5/25/2024 14:30
maris,,Maris,,1,,5/25/2024 14:30
mariska,,Mariska,,1,,5/25/2024 14:30
marite,,Marite,,1,,5/25/2024 14:30
mārīte,,Mārīte,,1,,5/25/2024 14:30
mariya,,Mariya,,1,,5/25/2024 14:30
mariyana,,Mariyana,,1,,5/25/2024 14:30
mariyka,,Mariyka,,1,,5/25/2024 14:30
marje,,Marje,,1,,5/25/2024 14:30
marju,,Marju,,1,,5/25/2024 14:30
markéta,,Markéta,,1,,5/25/2024 14:30
márta,,Márta,,1,,5/25/2024 14:30
martina,,Martina,,1,,5/25/2024 14:30
mártuska,,Mártuska,,1,,5/25/2024 14:30
marusya,,Marusya,,1,,5/25/2024 14:30
marya,,Marya,,1,,5/25/2024 14:30
maryana,,Maryana,,1,,5/25/2024 14:30
maryia,,Maryia,,1,,5/25/2024 14:30
maryla,,Maryla,,1,,5/25/2024 14:30
maryna,,Maryna,,1,,5/25/2024 14:30
marysia,,Marysia,,1,,5/25/2024 14:30
marzanna,,Marzanna,,1,,5/25/2024 14:30
marzena,,Marzena,,1,,5/25/2024 14:30
masa,,Masa,,1,,5/25/2024 14:30
máša,,Máša,,1,,5/25/2024 14:30
masha,,Masha,,1,,5/25/2024 14:30
matild,,Matild,,1,,5/25/2024 14:30
matilda,,Matilda,,1,,5/25/2024 14:30
matrona,,Matrona,,1,,5/25/2024 14:30
matryona,,Matryona,,1,,5/25/2024 14:30
meeli,,Meeli,,1,,5/25/2024 14:30
melánia,,Melánia,,1,,5/25/2024 14:30
melánie,,Melánie,,1,,5/25/2024 14:30
melanija,,Melanija,,1,,5/25/2024 14:30
melaniya,,Melaniya,,1,,5/25/2024 14:30
melinda,,Melinda,,1,,5/25/2024 14:30
melissza,,Melissza,,1,,5/25/2024 14:30
mercédesz,,Mercédesz,,1,,5/25/2024 14:30
merike,,Merike,,1,,5/25/2024 14:30
merit,,Merit,,1,,5/25/2024 14:30
merle,,Merle,,1,,5/25/2024 14:30
michaela,,Michaela,,1,,5/25/2024 14:30
michala,,Michala,,1,,5/25/2024 14:30
mieczysława,,Mieczysława,,1,,5/25/2024 14:30
migla,,Migla,,1,,5/25/2024 14:30
mihaela,,Mihaela,,1,,5/25/2024 14:30
mihaila,,Mihaila,,1,,5/25/2024 14:30
mila,,Mila,,1,,5/25/2024 14:30
milada,,Milada,,1,,5/25/2024 14:30
milda,,Milda,,1,,5/25/2024 14:30
miléna,,Miléna,,1,,5/25/2024 14:30
militsa,,Militsa,,1,,5/25/2024 14:30
milka,,Milka,,1,,5/25/2024 14:30
miloslava,,Miloslava,,1,,5/25/2024 14:30
miluse,,Miluse,,1,,5/25/2024 14:30
miluše,,Miluše,,1,,5/25/2024 14:30
miluska,,Miluska,,1,,5/25/2024 14:30
miluška,,Miluška,,1,,5/25/2024 14:30
milvi,,Milvi,,1,,5/25/2024 14:30
minodora,,Minodora,,1,,5/25/2024 14:30
mira,,Mira,,1,,5/25/2024 14:30
míra,,Míra,,1,,5/25/2024 14:30
mirdza,,Mirdza,,1,,5/25/2024 14:30
mirela,,Mirela,,1,,5/25/2024 14:30
miriam,,Miriam,,1,,5/25/2024 14:30
miriama,,Miriama,,1,,5/25/2024 14:30
mirjam,,Mirjam,,1,,5/25/2024 14:30
mirka,,Mirka,,1,,5/25/2024 14:30
miroslava,,Miroslava,,1,,5/25/2024 14:30
mirosława,,Mirosława,,1,,5/25/2024 14:30
miruna,,Miruna,,1,,5/25/2024 14:30
miya,,Miya,,1,,5/25/2024 14:30
mokosh,,Mokosh,,1,,5/25/2024 14:30
monica,,Monica,,1,,5/25/2024 14:30
mónika,,Mónika,,1,,5/25/2024 14:30
monta,,Monta,,1,,5/25/2024 14:30
moonika,,Moonika,,1,,5/25/2024 14:30
morana,,Morana,,1,,5/25/2024 14:30
morta,,Morta,,1,,5/25/2024 14:30
motya,,Motya,,1,,5/25/2024 14:30
mykhaila,,Mykhaila,,1,,5/25/2024 14:30
myroslava,,Myroslava,,1,,5/25/2024 14:30
nadejda,,Nadejda,,1,,5/25/2024 14:30
nadekda,,Nadekda,,1,,5/25/2024 14:30
nadežda,,Nadežda,,1,,5/25/2024 14:30
naděžda,,Naděžda,,1,,5/25/2024 14:30
nadezhda,,Nadezhda,,1,,5/25/2024 14:30
nadiia,,Nadiia,,1,,5/25/2024 14:30
nadiya,,Nadiya,,1,,5/25/2024 14:30
nadya,,Nadya,,1,,5/25/2024 14:30
nadzeya,,Nadzeya,,1,,5/25/2024 14:30
nadzieja,,Nadzieja,,1,,5/25/2024 14:30
narcisa,,Narcisa,,1,,5/25/2024 14:30
nastasia,,Nastasia,,1,,5/25/2024 14:30
nastassia,,Nastassia,,1,,5/25/2024 14:30
nastasya,,Nastasya,,1,,5/25/2024 14:30
nastia,,Nastia,,1,,5/25/2024 14:30
nastya,,Nastya,,1,,5/25/2024 14:30
nata,,Nata,,1,,5/25/2024 14:30
natali,,Natali,,1,,5/25/2024 14:30
natália,,Natália,,1,,5/25/2024 14:30
natálie,,Natálie,,1,,5/25/2024 14:30
natalija,,Natalija,,1,,5/25/2024 14:30
natālija,,Natālija,,1,,5/25/2024 14:30
nataliya,,Nataliya,,1,,5/25/2024 14:30
natalja,,Natalja,,1,,5/25/2024 14:30
natalka,,Natalka,,1,,5/25/2024 14:30
natallia,,Natallia,,1,,5/25/2024 14:30
natalya,,Natalya,,1,,5/25/2024 14:30
nataša,,Nataša,,1,,5/25/2024 14:30
natasha,,Natasha,,1,,5/25/2024 14:30
neda,,Neda,,1,,5/25/2024 14:30
nedelya,,Nedelya,,1,,5/25/2024 14:30
nedyalka,,Nedyalka,,1,,5/25/2024 14:30
nele,,Nele,,1,,5/25/2024 14:30
neli,,Neli,,1,,5/25/2024 14:30
nelli,,Nelli,,1,,5/25/2024 14:30
nelya,,Nelya,,1,,5/25/2024 14:30
neonila,,Neonila,,1,,5/25/2024 14:30
neonilla,,Neonilla,,1,,5/25/2024 14:30
nevena,,Nevena,,1,,5/25/2024 14:30
nicol,,Nicol,,1,,5/25/2024 14:30
nicoleta,,Nicoleta,,1,,5/25/2024 14:30
niina,,Niina,,1,,5/25/2024 14:30
nijola,,Nijola,,1,,5/25/2024 14:30
nijole,,Nijole,,1,,5/25/2024 14:30
nika,,Nika,,1,,5/25/2024 14:30
nikol,,Nikol,,1,,5/25/2024 14:30
nikoleta,,Nikoleta,,1,,5/25/2024 14:30
nikolett,,Nikolett,,1,,5/25/2024 14:30
nikoletta,,Nikoletta,,1,,5/25/2024 14:30
nikolina,,Nikolina,,1,,5/25/2024 14:30
ninel,,Ninel,,1,,5/25/2024 14:30
ninochka,,Ninochka,,1,,5/25/2024 14:30
noemi,,Noemi,,1,,5/25/2024 14:30
noémi,,Noémi,,1,,5/25/2024 14:30
nonna,,Nonna,,1,,5/25/2024 14:30
nora,,Nora,,1,,5/25/2024 14:30
nóra,,Nóra,,1,,5/25/2024 14:30
noyabrina,,Noyabrina,,1,,5/25/2024 14:30
oana,,Oana,,1,,5/25/2024 14:30
octavia,,Octavia,,1,,5/25/2024 14:30
odarka,,Odarka,,1,,5/25/2024 14:30
odeta,,Odeta,,1,,5/25/2024 14:30
odett,,Odett,,1,,5/25/2024 14:30
odrija,,Odrija,,1,,5/25/2024 14:30
ofeliya,,Ofeliya,,1,,5/25/2024 14:30
ognyana,,Ognyana,,1,,5/25/2024 14:30
õie,,Õie,,1,,5/25/2024 14:30
oksana,,Oksana,,1,,5/25/2024 14:30
oktawia,,Oktawia,,1,,5/25/2024 14:30
oktyabrina,,Oktyabrina,,1,,5/25/2024 14:30
ola,,Ola,,1,,5/25/2024 14:30
oldriska,,Oldriska,,1,,5/25/2024 14:30
oldřiška,,Oldřiška,,1,,5/25/2024 14:30
oleksandra,,Oleksandra,,1,,5/25/2024 14:30
olena,,Olena,,1,,5/25/2024 14:30
olesya,,Olesya,,1,,5/25/2024 14:30
olha,,Olha,,1,,5/25/2024 14:30
olimpia,,Olimpia,,1,,5/25/2024 14:30
olimpiada,,Olimpiada,,1,,5/25/2024 14:30
olívia,,Olívia,,1,,5/25/2024 14:30
olivie,,Olivie,,1,,5/25/2024 14:30
olívie,,Olívie,,1,,5/25/2024 14:30
olivija,,Olivija,,1,,5/25/2024 14:30
olīvija,,Olīvija,,1,,5/25/2024 14:30
olya,,Olya,,1,,5/25/2024 14:30
olympia,,Olympia,,1,,5/25/2024 14:30
ona,,Ona,,1,,5/25/2024 14:30
orsolya,,Orsolya,,1,,5/25/2024 14:30
otilia,,Otilia,,1,,5/25/2024 14:30
otylia,,Otylia,,1,,5/25/2024 14:30
ovidia,,Ovidia,,1,,5/25/2024 14:30
oxana,,Oxana,,1,,5/25/2024 14:30
ozana,,Ozana,,1,,5/25/2024 14:30
palina,,Palina,,1,,5/25/2024 14:30
panka,,Panka,,1,,5/25/2024 14:30
panna,,Panna,,1,,5/25/2024 14:30
panni,,Panni,,1,,5/25/2024 14:30
paraskeva,,Paraskeva,,1,,5/25/2024 14:30
pati,,Pati,,1,,5/25/2024 14:30
patka,,Patka,,1,,5/25/2024 14:30
patrícia,,Patrícia,,1,,5/25/2024 14:30
patricie,,Patricie,,1,,5/25/2024 14:30
patricija,,Patricija,,1,,5/25/2024 14:30
patrīcija,,Patrīcija,,1,,5/25/2024 14:30
patritsiya,,Patritsiya,,1,,5/25/2024 14:30
paulína,,Paulína,,1,,5/25/2024 14:30
pavla,,Pavla,,1,,5/25/2024 14:30
pavlina,,Pavlina,,1,,5/25/2024 14:30
pavlína,,Pavlína,,1,,5/25/2024 14:30
pelageya,,Pelageya,,1,,5/25/2024 14:30
pelagia,,Pelagia,,1,,5/25/2024 14:30
pelagiya,,Pelagiya,,1,,5/25/2024 14:30
penka,,Penka,,1,,5/25/2024 14:30
petia,,Petia,,1,,5/25/2024 14:30
petra,,Petra,,1,,5/25/2024 14:30
petrana,,Petrana,,1,,5/25/2024 14:30
petronela,,Petronela,,1,,5/25/2024 14:30
petronella,,Petronella,,1,,5/25/2024 14:30
petya,,Petya,,1,,5/25/2024 14:30
piia,,Piia,,1,,5/25/2024 14:30
pille,,Pille,,1,,5/25/2024 14:30
pilvi,,Pilvi,,1,,5/25/2024 14:30
piret,,Piret,,1,,5/25/2024 14:30
piri,,Piri,,1,,5/25/2024 14:30
piroska,,Piroska,,1,,5/25/2024 14:30
poli,,Poli,,1,,5/25/2024 14:30
polya,,Polya,,1,,5/25/2024 14:30
pranciška,,Pranciška,,1,,5/25/2024 14:30
praskovia,,Praskovia,,1,,5/25/2024 14:30
praskoviya,,Praskoviya,,1,,5/25/2024 14:30
praskovya,,Praskovya,,1,,5/25/2024 14:30
rada,,Rada,,1,,5/25/2024 14:30
radana,,Radana,,1,,5/25/2024 14:30
radina,,Radina,,1,,5/25/2024 14:30
radka,,Radka,,1,,5/25/2024 14:30
radmila,,Radmila,,1,,5/25/2024 14:30
radomila,,Radomila,,1,,5/25/2024 14:30
radomiła,,Radomiła,,1,,5/25/2024 14:30
radomíra,,Radomíra,,1,,5/25/2024 14:30
radoslava,,Radoslava,,1,,5/25/2024 14:30
radosława,,Radosława,,1,,5/25/2024 14:30
radovana,,Radovana,,1,,5/25/2024 14:30
ráhel,,Ráhel,,1,,5/25/2024 14:30
rahela,,Rahela,,1,,5/25/2024 14:30
raina,,Raina,,1,,5/25/2024 14:30
raisa,,Raisa,,1,,5/25/2024 14:30
raissa,,Raissa,,1,,5/25/2024 14:30
ralitsa,,Ralitsa,,1,,5/25/2024 14:30
raluca,,Raluca,,1,,5/25/2024 14:30
ramona,,Ramona,,1,,5/25/2024 14:30
ramóna,,Ramóna,,1,,5/25/2024 14:30
ramuna,,Ramuna,,1,,5/25/2024 14:30
ramune,,Ramune,,1,,5/25/2024 14:30
rasa,,Rasa,,1,,5/25/2024 14:30
rasma,,Rasma,,1,,5/25/2024 14:30
raya,,Raya,,1,,5/25/2024 14:30
rayna,,Rayna,,1,,5/25/2024 14:30
rebeca,,Rebeca,,1,,5/25/2024 14:30
rebeka,,Rebeka,,1,,5/25/2024 14:30
reet,,Reet,,1,,5/25/2024 14:30
regina,,Regina,,1,,5/25/2024 14:30
regína,,Regína,,1,,5/25/2024 14:30
regīna,,Regīna,,1,,5/25/2024 14:30
réka,,Réka,,1,,5/25/2024 14:30
renata,,Renata,,1,,5/25/2024 14:30
renáta,,Renáta,,1,,5/25/2024 14:30
renate,,Renate,,1,,5/25/2024 14:30
renāte,,Renāte,,1,,5/25/2024 14:30
renia,,Renia,,1,,5/25/2024 14:30
riin,,Riin,,1,,5/25/2024 14:30
riina,,Riina,,1,,5/25/2024 14:30
rita,,Rita,,1,,5/25/2024 14:30
rīta,,Rīta,,1,,5/25/2024 14:30
rodica,,Rodica,,1,,5/25/2024 14:30
roksolana,,Roksolana,,1,,5/25/2024 14:30
romana,,Romana,,1,,5/25/2024 14:30
romána,,Romána,,1,,5/25/2024 14:30
romualda,,Romualda,,1,,5/25/2024 14:30
rosa,,Rosa,,1,,5/25/2024 14:30
rosalia,,Rosalia,,1,,5/25/2024 14:30
rosica,,Rosica,,1,,5/25/2024 14:30
rositsa,,Rositsa,,1,,5/25/2024 14:30
roxana,,Roxana,,1,,5/25/2024 14:30
roža,,Roža,,1,,5/25/2024 14:30
róza,,Róza,,1,,5/25/2024 14:30
rozália,,Rozália,,1,,5/25/2024 14:30
rozálie,,Rozálie,,1,,5/25/2024 14:30
rozalija,,Rozalija,,1,,5/25/2024 14:30
rozālija,,Rozālija,,1,,5/25/2024 14:30
rozaliya,,Rozaliya,,1,,5/25/2024 14:30
rozárie,,Rozárie,,1,,5/25/2024 14:30
rože,,Rože,,1,,5/25/2024 14:30
rozina,,Rozina,,1,,5/25/2024 14:30
rózsa,,Rózsa,,1,,5/25/2024 14:30
rózsi,,Rózsi,,1,,5/25/2024 14:30
rudite,,Rudite,,1,,5/25/2024 14:30
rudīte,,Rudīte,,1,,5/25/2024 14:30
ruf,,Ruf,,1,,5/25/2024 14:30
rufina,,Rufina,,1,,5/25/2024 14:30
rugila,,Rugila,,1,,5/25/2024 14:30
rumena,,Rumena,,1,,5/25/2024 14:30
rumiana,,Rumiana,,1,,5/25/2024 14:30
rumyana,,Rumyana,,1,,5/25/2024 14:30
ruslana,,Ruslana,,1,,5/25/2024 14:30
rusna,,Rusna,,1,,5/25/2024 14:30
rusne,,Rusne,,1,,5/25/2024 14:30
rút,,Rút,,1,,5/25/2024 14:30
ruta,,Ruta,,1,,5/25/2024 14:30
rūta,,Rūta,,1,,5/25/2024 14:30
ruth,,Ruth,,1,,5/25/2024 14:30
rutt,,Rutt,,1,,5/25/2024 14:30
ruxandra,,Ruxandra,,1,,5/25/2024 14:30
ruzena,,Ruzena,,1,,5/25/2024 14:30
ružena,,Ružena,,1,,5/25/2024 14:30
růžena,,Růžena,,1,,5/25/2024 14:30
ruzha,,Ruzha,,1,,5/25/2024 14:30
sabina,,Sabina,,1,,5/25/2024 14:30
sabine,,Sabine,,1,,5/25/2024 14:30
sabīne,,Sabīne,,1,,5/25/2024 14:30
saima,,Saima,,1,,5/25/2024 14:30
salme,,Salme,,1,,5/25/2024 14:30
salomea,,Salomea,,1,,5/25/2024 14:30
samanta,,Samanta,,1,,5/25/2024 14:30
sanda,,Sanda,,1,,5/25/2024 14:30
santa,,Santa,,1,,5/25/2024 14:30
sanya,,Sanya,,1,,5/25/2024 14:30
sára,,Sára,,1,,5/25/2024 14:30
sári,,Sári,,1,,5/25/2024 14:30
sárika,,Sárika,,1,,5/25/2024 14:30
šárka,,Šárka,,1,,5/25/2024 14:30
šarlota,,Šarlota,,1,,5/25/2024 14:30
šarlote,,Šarlote,,1,,5/25/2024 14:30
sarmite,,Sarmite,,1,,5/25/2024 14:30
sarmīte,,Sarmīte,,1,,5/25/2024 14:30
sarolt,,Sarolt,,1,,5/25/2024 14:30
sarolta,,Sarolta,,1,,5/25/2024 14:30
sasha,,Sasha,,1,,5/25/2024 14:30
sashenka,,Sashenka,,1,,5/25/2024 14:30
sashka,,Sashka,,1,,5/25/2024 14:30
saula,,Saula,,1,,5/25/2024 14:30
saule,,Saule,,1,,5/25/2024 14:30
saulia,,Saulia,,1,,5/25/2024 14:30
sauliā,,Sauliā,,1,,5/25/2024 14:30
serafima,,Serafima,,1,,5/25/2024 14:30
seweryna,,Seweryna,,1,,5/25/2024 14:30
sharlota,,Sharlota,,1,,5/25/2024 14:30
shura,,Shura,,1,,5/25/2024 14:30
signe,,Signe,,1,,5/25/2024 14:30
sigrid,,Sigrid,,1,,5/25/2024 14:30
siiri,,Siiri,,1,,5/25/2024 14:30
silja,,Silja,,1,,5/25/2024 14:30
silva,,Silva,,1,,5/25/2024 14:30
silvia,,Silvia,,1,,5/25/2024 14:30
silvie,,Silvie,,1,,5/25/2024 14:30
silvija,,Silvija,,1,,5/25/2024 14:30
silviya,,Silviya,,1,,5/25/2024 14:30
simona,,Simona,,1,,5/25/2024 14:30
šimona,,Šimona,,1,,5/25/2024 14:30
sintija,,Sintija,,1,,5/25/2024 14:30
sirje,,Sirje,,1,,5/25/2024 14:30
šiwa,,Šiwa,,1,,5/25/2024 14:30
siyana,,Siyana,,1,,5/25/2024 14:30
skaidrite,,Skaidrite,,1,,5/25/2024 14:30
skaidrīte,,Skaidrīte,,1,,5/25/2024 14:30
skaista,,Skaista,,1,,5/25/2024 14:30
skaiste,,Skaiste,,1,,5/25/2024 14:30
slavena,,Slavena,,1,,5/25/2024 14:30
slavěna,,Slavěna,,1,,5/25/2024 14:30
slavitsa,,Slavitsa,,1,,5/25/2024 14:30
slavka,,Slavka,,1,,5/25/2024 14:30
slávka,,Slávka,,1,,5/25/2024 14:30
slavomíra,,Slavomíra,,1,,5/25/2024 14:30
sława,,Sława,,1,,5/25/2024 14:30
sławomira,,Sławomira,,1,,5/25/2024 14:30
smilta,,Smilta,,1,,5/25/2024 14:30
snezhana,,Snezhana,,1,,5/25/2024 14:30
snieguola,,Snieguola,,1,,5/25/2024 14:30
snieguole,,Snieguole,,1,,5/25/2024 14:30
sobiesława,,Sobiesława,,1,,5/25/2024 14:30
sofie,,Sofie,,1,,5/25/2024 14:30
sofiya,,Sofiya,,1,,5/25/2024 14:30
sofya,,Sofya,,1,,5/25/2024 14:30
solomiya,,Solomiya,,1,,5/25/2024 14:30
solveiga,,Solveiga,,1,,5/25/2024 14:30
soňa,,Soňa,,1,,5/25/2024 14:30
sonya,,Sonya,,1,,5/25/2024 14:30
sorina,,Sorina,,1,,5/25/2024 14:30
stana,,Stana,,1,,5/25/2024 14:30
stáňa,,Stáňa,,1,,5/25/2024 14:30
stanimira,,Stanimira,,1,,5/25/2024 14:30
stanislava,,Stanislava,,1,,5/25/2024 14:30
stanisława,,Stanisława,,1,,5/25/2024 14:30
stanislova,,Stanislova,,1,,5/25/2024 14:30
stanka,,Stanka,,1,,5/25/2024 14:30
stasa,,Stasa,,1,,5/25/2024 14:30
stase,,Stase,,1,,5/25/2024 14:30
stasia,,Stasia,,1,,5/25/2024 14:30
stasya,,Stasya,,1,,5/25/2024 14:30
stefana,,Stefana,,1,,5/25/2024 14:30
stefani,,Stefani,,1,,5/25/2024 14:30
stefania,,Stefania,,1,,5/25/2024 14:30
stefánia,,Stefánia,,1,,5/25/2024 14:30
štefánia,,Štefánia,,1,,5/25/2024 14:30
stefanija,,Stefanija,,1,,5/25/2024 14:30
stefaniya,,Stefaniya,,1,,5/25/2024 14:30
stefcia,,Stefcia,,1,,5/25/2024 14:30
stefka,,Stefka,,1,,5/25/2024 14:30
stela,,Stela,,1,,5/25/2024 14:30
steliana,,Steliana,,1,,5/25/2024 14:30
stepanka,,Stepanka,,1,,5/25/2024 14:30
štěpánka,,Štěpánka,,1,,5/25/2024 14:30
stoyanka,,Stoyanka,,1,,5/25/2024 14:30
svajona,,Svajona,,1,,5/25/2024 14:30
svajone,,Svajone,,1,,5/25/2024 14:30
svatava,,Svatava,,1,,5/25/2024 14:30
svatoslava,,Svatoslava,,1,,5/25/2024 14:30
sveta,,Sveta,,1,,5/25/2024 14:30
svetka,,Svetka,,1,,5/25/2024 14:30
svetla,,Svetla,,1,,5/25/2024 14:30
svetlana,,Svetlana,,1,,5/25/2024 14:30
světlana,,Světlana,,1,,5/25/2024 14:30
sviatlana,,Sviatlana,,1,,5/25/2024 14:30
svitlana,,Svitlana,,1,,5/25/2024 14:30
sybilla,,Sybilla,,1,,5/25/2024 14:30
sylva,,Sylva,,1,,5/25/2024 14:30
sylvie,,Sylvie,,1,,5/25/2024 14:30
sylwia,,Sylwia,,1,,5/25/2024 14:30
syuzanna,,Syuzanna,,1,,5/25/2024 14:30
szabina,,Szabina,,1,,5/25/2024 14:30
szandra,,Szandra,,1,,5/25/2024 14:30
szilvia,,Szilvia,,1,,5/25/2024 14:30
szimonetta,,Szimonetta,,1,,5/25/2024 14:30
szofi,,Szofi,,1,,5/25/2024 14:30
szófia,,Szófia,,1,,5/25/2024 14:30
szonja,,Szonja,,1,,5/25/2024 14:30
tähti,,Tähti,,1,,5/25/2024 14:30
taimi,,Taimi,,1,,5/25/2024 14:30
taisa,,Taisa,,1,,5/25/2024 14:30
taisiya,,Taisiya,,1,,5/25/2024 14:30
talvi,,Talvi,,1,,5/25/2024 14:30
tamara,,Tamara,,1,,5/25/2024 14:30
tamāra,,Tamāra,,1,,5/25/2024 14:30
tamila,,Tamila,,1,,5/25/2024 14:30
táňa,,Táňa,,1,,5/25/2024 14:30
tanya,,Tanya,,1,,5/25/2024 14:30
tasha,,Tasha,,1,,5/25/2024 14:30
tatiana,,Tatiana,,1,,5/25/2024 14:30
tatjana,,Tatjana,,1,,5/25/2024 14:30
tatsiana,,Tatsiana,,1,,5/25/2024 14:30
tatyana,,Tatyana,,1,,5/25/2024 14:30
teca,,Teca,,1,,5/25/2024 14:30
tekla,,Tekla,,1,,5/25/2024 14:30
teodora,,Teodora,,1,,5/25/2024 14:30
teodóra,,Teodóra,,1,,5/25/2024 14:30
teodozja,,Teodozja,,1,,5/25/2024 14:30
teofila,,Teofila,,1,,5/25/2024 14:30
teresa,,Teresa,,1,,5/25/2024 14:30
terese,,Terese,,1,,5/25/2024 14:30
teréz,,Teréz,,1,,5/25/2024 14:30
tereza,,Tereza,,1,,5/25/2024 14:30
terézia,,Terézia,,1,,5/25/2024 14:30
terezie,,Terezie,,1,,5/25/2024 14:30
terje,,Terje,,1,,5/25/2024 14:30
tetiana,,Tetiana,,1,,5/25/2024 14:30
tetyana,,Tetyana,,1,,5/25/2024 14:30
tihomira,,Tihomira,,1,,5/25/2024 14:30
tiia,,Tiia,,1,,5/25/2024 14:30
tiina,,Tiina,,1,,5/25/2024 14:30
tiiu,,Tiiu,,1,,5/25/2024 14:30
tímea,,Tímea,,1,,5/25/2024 14:30
todorka,,Todorka,,1,,5/25/2024 14:30
tola,,Tola,,1,,5/25/2024 14:30
toma,,Toma,,1,,5/25/2024 14:30
tomila,,Tomila,,1,,5/25/2024 14:30
tonya,,Tonya,,1,,5/25/2024 14:30
tosia,,Tosia,,1,,5/25/2024 14:30
triin,,Triin,,1,,5/25/2024 14:30
triinu,,Triinu,,1,,5/25/2024 14:30
tsetsiliya,,Tsetsiliya,,1,,5/25/2024 14:30
tsveta,,Tsveta,,1,,5/25/2024 14:30
tsvetana,,Tsvetana,,1,,5/25/2024 14:30
tsvetanka,,Tsvetanka,,1,,5/25/2024 14:30
tünde,,Tünde,,1,,5/25/2024 14:30
tündér,,Tündér,,1,,5/25/2024 14:30
tuule,,Tuule,,1,,5/25/2024 14:30
tuuli,,Tuuli,,1,,5/25/2024 14:30
ugna,,Ugna,,1,,5/25/2024 14:30
ula,,Ula,,1,,5/25/2024 14:30
uliana,,Uliana,,1,,5/25/2024 14:30
ülle,,Ülle,,1,,5/25/2024 14:30
ulya,,Ulya,,1,,5/25/2024 14:30
urta,,Urta,,1,,5/25/2024 14:30
urve,,Urve,,1,,5/25/2024 14:30
ustinya,,Ustinya,,1,,5/25/2024 14:30
václava,,Václava,,1,,5/25/2024 14:30
vaike,,Vaike,,1,,5/25/2024 14:30
vaiva,,Vaiva,,1,,5/25/2024 14:30
vakara,,Vakara,,1,,5/25/2024 14:30
vakare,,Vakare,,1,,5/25/2024 14:30
valda,,Valda,,1,,5/25/2024 14:30
valentina,,Valentina,,1,,5/25/2024 14:30
valentína,,Valentína,,1,,5/25/2024 14:30
valentīna,,Valentīna,,1,,5/25/2024 14:30
valentyna,,Valentyna,,1,,5/25/2024 14:30
valentýna,,Valentýna,,1,,5/25/2024 14:30
valéria,,Valéria,,1,,5/25/2024 14:30
valérie,,Valérie,,1,,5/25/2024 14:30
valerija,,Valerija,,1,,5/25/2024 14:30
valērija,,Valērija,,1,,5/25/2024 14:30
valeriya,,Valeriya,,1,,5/25/2024 14:30
valeryia,,Valeryia,,1,,5/25/2024 14:30
valiantsina,,Valiantsina,,1,,5/25/2024 14:30
valya,,Valya,,1,,5/25/2024 14:30
vanda,,Vanda,,1,,5/25/2024 14:30
vanesa,,Vanesa,,1,,5/25/2024 14:30
vanessza,,Vanessza,,1,,5/25/2024 14:30
varya,,Varya,,1,,5/25/2024 14:30
vasilica,,Vasilica,,1,,5/25/2024 14:30
vasilka,,Vasilka,,1,,5/25/2024 14:30
vaska,,Vaska,,1,,5/25/2024 14:30
vasylyna,,Vasylyna,,1,,5/25/2024 14:30
veera,,Veera,,1,,5/25/2024 14:30
velta,,Velta,,1,,5/25/2024 14:30
venceslava,,Venceslava,,1,,5/25/2024 14:30
věnceslava,,Věnceslava,,1,,5/25/2024 14:30
vendula,,Vendula,,1,,5/25/2024 14:30
venera,,Venera,,1,,5/25/2024 14:30
ventsislava,,Ventsislava,,1,,5/25/2024 14:30
venuse,,Venuse,,1,,5/25/2024 14:30
venuše,,Venuše,,1,,5/25/2024 14:30
věra,,Věra,,1,,5/25/2024 14:30
verochka,,Verochka,,1,,5/25/2024 14:30
veronica,,Veronica,,1,,5/25/2024 14:30
verusha,,Verusha,,1,,5/25/2024 14:30
verusya,,Verusya,,1,,5/25/2024 14:30
vesela,,Vesela,,1,,5/25/2024 14:30
vesna,,Vesna,,1,,5/25/2024 14:30
vida,,Vida,,1,,5/25/2024 14:30
viera,,Viera,,1,,5/25/2024 14:30
viivi,,Viivi,,1,,5/25/2024 14:30
vija,,Vija,,1,,5/25/2024 14:30
viktória,,Viktória,,1,,5/25/2024 14:30
viktorie,,Viktorie,,1,,5/25/2024 14:30
viktoriia,,Viktoriia,,1,,5/25/2024 14:30
viktoriya,,Viktoriya,,1,,5/25/2024 14:30
viktoryia,,Viktoryia,,1,,5/25/2024 14:30
vilhelmina,,Vilhelmina,,1,,5/25/2024 14:30
vilja,,Vilja,,1,,5/25/2024 14:30
vilma,,Vilma,,1,,5/25/2024 14:30
vilmanta,,Vilmanta,,1,,5/25/2024 14:30
vilmante,,Vilmante,,1,,5/25/2024 14:30
vilta,,Vilta,,1,,5/25/2024 14:30
viltauta,,Viltauta,,1,,5/25/2024 14:30
viltaute,,Viltaute,,1,,5/25/2024 14:30
viola,,Viola,,1,,5/25/2024 14:30
violeta,,Violeta,,1,,5/25/2024 14:30
violetta,,Violetta,,1,,5/25/2024 14:30
viorela,,Viorela,,1,,5/25/2024 14:30
viorica,,Viorica,,1,,5/25/2024 14:30
vira,,Vira,,1,,5/25/2024 14:30
virág,,Virág,,1,,5/25/2024 14:30
virginia,,Virginia,,1,,5/25/2024 14:30
virginija,,Virginija,,1,,5/25/2024 14:30
virve,,Virve,,1,,5/25/2024 14:30
vita,,Vita,,1,,5/25/2024 14:30
vitalija,,Vitalija,,1,,5/25/2024 14:30
vitaliya,,Vitaliya,,1,,5/25/2024 14:30
vitezslava,,Vitezslava,,1,,5/25/2024 14:30
vítězslava,,Vítězslava,,1,,5/25/2024 14:30
vivien,,Vivien,,1,,5/25/2024 14:30
vladana,,Vladana,,1,,5/25/2024 14:30
vladena,,Vladena,,1,,5/25/2024 14:30
vladěna,,Vladěna,,1,,5/25/2024 14:30
vladimíra,,Vladimíra,,1,,5/25/2024 14:30
vladislava,,Vladislava,,1,,5/25/2024 14:30
vladlena,,Vladlena,,1,,5/25/2024 14:30
vladyslava,,Vladyslava,,1,,5/25/2024 14:30
vlasta,,Vlasta,,1,,5/25/2024 14:30
vlastimila,,Vlastimila,,1,,5/25/2024 14:30
volha,,Volha,,1,,5/25/2024 14:30
vratislava,,Vratislava,,1,,5/25/2024 14:30
vyara,,Vyara,,1,,5/25/2024 14:30
vytauta,,Vytauta,,1,,5/25/2024 14:30
vytaute,,Vytaute,,1,,5/25/2024 14:30
wacława,,Wacława,,1,,5/25/2024 14:30
walentyna,,Walentyna,,1,,5/25/2024 14:30
waleria,,Waleria,,1,,5/25/2024 14:30
wanda,,Wanda,,1,,5/25/2024 14:30
wanesa,,Wanesa,,1,,5/25/2024 14:30
wanessa,,Wanessa,,1,,5/25/2024 14:30
waslylyna,,Waslylyna,,1,,5/25/2024 14:30
wera,,Wera,,1,,5/25/2024 14:30
wiera,,Wiera,,1,,5/25/2024 14:30
wiesława,,Wiesława,,1,,5/25/2024 14:30
wiola,,Wiola,,1,,5/25/2024 14:30
wioleta,,Wioleta,,1,,5/25/2024 14:30
wioletta,,Wioletta,,1,,5/25/2024 14:30
wisława,,Wisława,,1,,5/25/2024 14:30
władysława,,Władysława,,1,,5/25/2024 14:30
wojciecha,,Wojciecha,,1,,5/25/2024 14:30
xenie,,Xenie,,1,,5/25/2024 14:30
yanina,,Yanina,,1,,5/25/2024 14:30
yanka,,Yanka,,1,,5/25/2024 14:30
yaraslava,,Yaraslava,,1,,5/25/2024 14:30
yaroslava,,Yaroslava,,1,,5/25/2024 14:30
yauheniya,,Yauheniya,,1,,5/25/2024 14:30
yekaterina,,Yekaterina,,1,,5/25/2024 14:30
yelena,,Yelena,,1,,5/25/2024 14:30
yelizaveta,,Yelizaveta,,1,,5/25/2024 14:30
yelysaveta,,Yelysaveta,,1,,5/25/2024 14:30
yelyzaveta,,Yelyzaveta,,1,,5/25/2024 14:30
yeseniya,,Yeseniya,,1,,5/25/2024 14:30
yesfir,,Yesfir,,1,,5/25/2024 14:30
yeva,,Yeva,,1,,5/25/2024 14:30
yevfrosiniya,,Yevfrosiniya,,1,,5/25/2024 14:30
yevgeniya,,Yevgeniya,,1,,5/25/2024 14:30
yevheniya,,Yevheniya,,1,,5/25/2024 14:30
yevokiya,,Yevokiya,,1,,5/25/2024 14:30
yevpraksiya,,Yevpraksiya,,1,,5/25/2024 14:30
yoana,,Yoana,,1,,5/25/2024 14:30
yordana,,Yordana,,1,,5/25/2024 14:30
yordanka,,Yordanka,,1,,5/25/2024 14:30
yudif,,Yudif,,1,,5/25/2024 14:30
yuliana,,Yuliana,,1,,5/25/2024 14:30
yulianna,,Yulianna,,1,,5/25/2024 14:30
yuliya,,Yuliya,,1,,5/25/2024 14:30
yuliyana,,Yuliyana,,1,,5/25/2024 14:30
yustina,,Yustina,,1,,5/25/2024 14:30
yveta,,Yveta,,1,,5/25/2024 14:30
yvona,,Yvona,,1,,5/25/2024 14:30
zaharina,,Zaharina,,1,,5/25/2024 14:30
zaharinka,,Zaharinka,,1,,5/25/2024 14:30
zaklina,,Zaklina,,1,,5/25/2024 14:30
zane,,Zane,,1,,5/25/2024 14:30
zaneta,,Zaneta,,1,,5/25/2024 14:30
žaneta,,Žaneta,,1,,5/25/2024 14:30
žanna,,Žanna,,1,,5/25/2024 14:30
zara,,Zara,,1,,5/25/2024 14:30
zdena,,Zdena,,1,,5/25/2024 14:30
zdenka,,Zdenka,,1,,5/25/2024 14:30
zdeňka,,Zdeňka,,1,,5/25/2024 14:30
zdislava,,Zdislava,,1,,5/25/2024 14:30
zdravka,,Zdravka,,1,,5/25/2024 14:30
zdzisława,,Zdzisława,,1,,5/25/2024 14:30
želmíra,,Želmíra,,1,,5/25/2024 14:30
zhaklina,,Zhaklina,,1,,5/25/2024 14:30
zhanna,,Zhanna,,1,,5/25/2024 14:30
zhannochka,,Zhannochka,,1,,5/25/2024 14:30
zhenya,,Zhenya,,1,,5/25/2024 14:30
zhivka,,Zhivka,,1,,5/25/2024 14:30
zina,,Zina,,1,,5/25/2024 14:30
zinaida,,Zinaida,,1,,5/25/2024 14:30
zinoviya,,Zinoviya,,1,,5/25/2024 14:30
zit,,Zit,,1,,5/25/2024 14:30
zita,,Zita,,1,,5/25/2024 14:30
živa,,Živa,,1,,5/25/2024 14:30
zlara,,Zlara,,1,,5/25/2024 14:30
zlatica,,Zlatica,,1,,5/25/2024 14:30
zlatka,,Zlatka,,1,,5/25/2024 14:30
zoe,,Zoe,,1,,5/25/2024 14:30
zoé,,Zoé,,1,,5/25/2024 14:30
žofia,,Žofia,,1,,5/25/2024 14:30
zofie,,Zofie,,1,,5/25/2024 14:30
žofie,,Žofie,,1,,5/25/2024 14:30
zofija,,Zofija,,1,,5/25/2024 14:30
zoja,,Zoja,,1,,5/25/2024 14:30
zora,,Zora,,1,,5/25/2024 14:30
zoriana,,Zoriana,,1,,5/25/2024 14:30
zorka,,Zorka,,1,,5/25/2024 14:30
zornitsa,,Zornitsa,,1,,5/25/2024 14:30
zoryana,,Zoryana,,1,,5/25/2024 14:30
zosia,,Zosia,,1,,5/25/2024 14:30
zoya,,Zoya,,1,,5/25/2024 14:30
zsanett,,Zsanett,,1,,5/25/2024 14:30
zsazsa,,Zsazsa,,1,,5/25/2024 14:30
zselyke,,Zselyke,,1,,5/25/2024 14:30
zsófia,,Zsófia,,1,,5/25/2024 14:30
zsófika,,Zsófika,,1,,5/25/2024 14:30
zsóka,,Zsóka,,1,,5/25/2024 14:30
zsuzsa,,Zsuzsa,,1,,5/25/2024 14:30
zsuzsanna,,Zsuzsanna,,1,,5/25/2024 14:30
zsuzsi,,Zsuzsi,,1,,5/25/2024 14:30
zula,,Zula,,1,,5/25/2024 14:30
zuza,,Zuza,,1,,5/25/2024 14:30
zuzana,,Zuzana,,1,,5/25/2024 14:30
zuzanka,,Zuzanka,,1,,5/25/2024 14:30
zuzia,,Zuzia,,1,,5/25/2024 14:30
zuzka,,Zuzka,,1,,5/25/2024 14:30
žydra,,Žydra,,1,,5/25/2024 14:30
zyta,,Zyta,,1,,5/25/2024 14:30
