game reference key,notes,displayed text,alternate text,frequency,requires suffix,misc.
[the key used by the game to find strings],"[not loaded into the game, for explanation only]",[the displayed string in-game],"[alternate displayed string, eg. nickname]",[for lists],[does this require a suffix for naming?],[miscellaneous]
— ,— ,— ,— ,— ,— ,— 
abadía,,Abadía,,1,,5/9/2022 11:48
abalo,,Abalo,,1,,5/9/2022 11:48
abarca,,Abarca,,1,,5/9/2022 11:48
abascal,,Abascal,,1,,5/9/2022 11:48
abel,,Abel,,1,,5/9/2022 11:48
abraham,,Abraham,,1,,5/9/2022 11:48
abrego,,Abrego,,1,,5/9/2022 11:48
abreu,,Abreu,,1,,5/9/2022 11:48
abrigo,,Abrigo,,1,,5/9/2022 11:48
abril,,Abril,,1,,5/9/2022 11:48
acevedo,,Acevedo,,1,,5/9/2022 11:48
aceves,,Aceves,,1,,5/9/2022 11:48
acosta,,Acosta,,1,,5/9/2022 11:48
acuna,,Acuna,,1,,5/9/2022 11:48
acuña,,Acuña,,1,,5/9/2022 11:48
acurio,,Acurio,,1,,5/9/2022 11:48
adame,,Adame,,1,,5/9/2022 11:48
adames,,Adames,,1,,5/9/2022 11:48
adan,,Adan,,1,,5/9/2022 11:48
agron,,Agron,,1,,5/9/2022 11:48
agua,,Agua,,1,,5/9/2022 11:48
aguado,,Aguado,,1,,5/9/2022 11:48
aguayo,,Aguayo,,1,,5/9/2022 11:48
agüera,,Agüera,,1,,5/9/2022 11:48
agüero,,Agüero,,1,,5/9/2022 11:48
aguilar,,Aguilar,,1,,5/9/2022 11:48
aguilera,,Aguilera,,1,,5/9/2022 11:48
aguiluz,,Aguiluz,,1,,5/9/2022 11:48
aguinis,,Aguinis,,1,,5/9/2022 11:48
aguirre,,Aguirre,,1,,5/9/2022 11:48
aicart,,Aicart,,1,,5/9/2022 11:48
aiza,,Aiza,,1,,5/9/2022 11:48
alamilla,,Alamilla,,1,,5/9/2022 11:48
alanís,,Alanís,,1,,5/9/2022 11:48
alas,,Alas,,1,,5/9/2022 11:48
alazraqui,,Alazraqui,,1,,5/9/2022 11:48
alba,,Alba,,1,,5/9/2022 11:48
albacete,,Albacete,,1,,5/9/2022 11:48
albaladejo,,Albaladejo,,1,,5/9/2022 11:48
albareda,,Albareda,,1,,5/9/2022 11:48
albarracín,,Albarracín,,1,,5/9/2022 11:48
albarrán,,Albarrán,,1,,5/9/2022 11:48
alberto,,Alberto,,1,,5/9/2022 11:48
albornoz,,Albornoz,,1,,5/9/2022 11:48
albuquerque,,Albuquerque,,1,,5/9/2022 11:48
alburquerque,,Alburquerque,,1,,5/9/2022 11:48
alcalá,,Alcalá,,1,,5/9/2022 11:48
alcantar,,Alcantar,,1,,5/9/2022 11:48
alcantara,,Alcantara,,1,,5/9/2022 11:48
aldana,,Aldana,,1,,5/9/2022 11:48
alderete,,Alderete,,1,,5/9/2022 11:48
alegre,,Alegre,,1,,5/9/2022 11:48
alegría,,Alegría,,1,,5/9/2022 11:48
alén,,Alén,,1,,5/9/2022 11:48
alfaro,,Alfaro,,1,,5/9/2022 11:48
alfonseca,,Alfonseca,,1,,5/9/2022 11:48
alfonso,,Alfonso,,1,,5/9/2022 11:48
almánzar,,Almánzar,,1,,5/9/2022 11:48
almeida,,Almeida,,1,,5/9/2022 11:48
almirón,,Almirón,,1,,5/9/2022 11:48
alonso,,Alonso,,1,,5/9/2022 11:48
alonzo,,Alonzo,,1,,5/9/2022 11:48
alou,,Alou,,1,,5/9/2022 11:48
altamira,,Altamira,,1,,5/9/2022 11:48
altamirano,,Altamirano,,1,,5/9/2022 11:48
altuve,,Altuve,,1,,5/9/2022 11:48
alvarado,,Alvarado,,1,,5/9/2022 11:48
alvarez,,Alvarez,,1,,5/9/2022 11:48
álvarez,,Álvarez,,1,,5/9/2022 11:48
álvaro,,Álvaro,,1,,5/9/2022 11:48
alvear,,Alvear,,1,,5/9/2022 11:48
alves,,Alves,,1,,5/9/2022 11:48
alzamora,,Alzamora,,1,,5/9/2022 11:48
amador,,Amador,,1,,5/9/2022 11:48
amaro,,Amaro,,1,,5/9/2022 11:48
amaya,,Amaya,,1,,5/9/2022 11:48
amescua,,Amescua,,1,,5/9/2022 11:48
anaya,,Anaya,,1,,5/9/2022 11:48
andrade,,Andrade,,1,,5/9/2022 11:48
andrés,,Andrés,,1,,5/9/2022 11:48
áñez,,Áñez,,1,,5/9/2022 11:48
angeles,,Angeles,,1,,5/9/2022 11:48
angulo,,Angulo,,1,,5/9/2022 11:48
anselmo,,Anselmo,,1,,5/9/2022 11:48
antonio,,Antonio,,1,,5/9/2022 11:48
antuna,,Antuna,,1,,5/9/2022 11:48
antunes,,Antunes,,1,,5/9/2022 11:48
antúnez,,Antúnez,,1,,5/9/2022 11:48
aparicio,,Aparicio,,1,,5/9/2022 11:48
apolinario,,Apolinario,,1,,5/9/2022 11:48
aquino,,Aquino,,1,,5/9/2022 11:48
aracil,,Aracil,,1,,5/9/2022 11:48
aragonés,,Aragonés,,1,,5/9/2022 11:48
arámbula,,Arámbula,,1,,5/9/2022 11:48
arámbulo,,Arámbulo,,1,,5/9/2022 11:48
aranda,,Aranda,,1,,5/9/2022 11:48
araujo,,Araujo,,1,,5/9/2022 11:48
araújo,,Araújo,,1,,5/9/2022 11:48
araya,,Araya,,1,,5/9/2022 11:48
arbelo,,Arbelo,,1,,5/9/2022 11:48
arcaño,,Arcaño,,1,,5/9/2022 11:48
arce,,Arce,,1,,5/9/2022 11:48
archila,,Archila,,1,,5/9/2022 11:48
arcia,,Arcia,,1,,5/9/2022 11:48
arcila,,Arcila,,1,,5/9/2022 11:48
arcilla,,Arcilla,,1,,5/9/2022 11:48
arechavaleta,,Arechavaleta,,1,,5/9/2022 11:48
arellano,,Arellano,,1,,5/9/2022 11:48
arenas,,Arenas,,1,,5/9/2022 11:48
arevalo,,Arevalo,,1,,5/9/2022 11:48
arévalo,,Arévalo,,1,,5/9/2022 11:48
arévalos,,Arévalos,,1,,5/9/2022 11:48
argento,,Argento,,1,,5/9/2022 11:48
arguello,,Arguello,,1,,5/9/2022 11:48
arias,,Arias,,1,,5/9/2022 11:48
aritza,,Aritza,,1,,5/9/2022 11:48
ariza,,Ariza,,1,,5/9/2022 11:48
armando,,Armando,,1,,5/9/2022 11:48
armenteros,,Armenteros,,1,,5/9/2022 11:48
arpon,,Arpon,,1,,5/9/2022 11:48
arredondo,,Arredondo,,1,,5/9/2022 11:48
arreola,,Arreola,,1,,5/9/2022 11:48
arrese,,Arrese,,1,,5/9/2022 11:48
arriola,,Arriola,,1,,5/9/2022 11:48
arroyo,,Arroyo,,1,,5/9/2022 11:48
artajo,,Artajo,,1,,5/9/2022 11:48
artime,,Artime,,1,,5/9/2022 11:48
asencio,,Asencio,,1,,5/9/2022 11:48
asensi,,Asensi,,1,,5/9/2022 11:48
asensio,,Asensio,,1,,5/9/2022 11:48
asín,,Asín,,1,,5/9/2022 11:48
asís,,Asís,,1,,5/9/2022 11:48
aspe,,Aspe,,1,,5/9/2022 11:48
asprilla,,Asprilla,,1,,5/9/2022 11:48
asquerino,,Asquerino,,1,,5/9/2022 11:48
astorgs,,Astorgs,,1,,5/9/2022 11:48
astudillo,,Astudillo,,1,,5/9/2022 11:48
asturias,,Asturias,,1,,5/9/2022 11:48
avalos,,Avalos,,1,,5/9/2022 11:48
ávalos,,Ávalos,,1,,5/9/2022 11:48
avila,,Avila,,1,,5/9/2022 11:48
ávila,,Ávila,,1,,5/9/2022 11:48
avilés,,Avilés,,1,,5/9/2022 11:48
ayala,,Ayala,,1,,5/9/2022 11:48
aybar,,Aybar,,1,,5/9/2022 11:48
aznar,,Aznar,,1,,5/9/2022 11:48
azor,,Azor,,1,,5/9/2022 11:48
azucena,,Azucena,,1,,5/9/2022 11:48
baca,,Baca,,1,,5/9/2022 11:48
badillo,,Badillo,,1,,5/9/2022 11:48
badosa,,Badosa,,1,,5/9/2022 11:48
baez,,Baez,,1,,5/9/2022 11:48
bahena,,Bahena,,1,,5/9/2022 11:48
baillo,,Baillo,,1,,5/9/2022 11:48
ballesta,,Ballesta,,1,,5/9/2022 11:48
ballesteros,,Ballesteros,,1,,5/9/2022 11:48
balmori,,Balmori,,1,,5/9/2022 11:48
baloy,,Baloy,,1,,5/9/2022 11:48
baltazar,,Baltazar,,1,,5/9/2022 11:48
baltra,,Baltra,,1,,5/9/2022 11:48
banderas,,Banderas,,1,,5/9/2022 11:48
banegas,,Banegas,,1,,5/9/2022 11:48
baquero,,Baquero,,1,,5/9/2022 11:48
barahona,,Barahona,,1,,5/9/2022 11:48
barajas,,Barajas,,1,,5/9/2022 11:48
barbas,,Barbas,,1,,5/9/2022 11:48
barbero,,Barbero,,1,,5/9/2022 11:48
barbosa,,Barbosa,,1,,5/9/2022 11:48
barboza,,Barboza,,1,,5/9/2022 11:48
barcenas,,Barcenas,,1,,5/9/2022 11:48
barquero,,Barquero,,1,,5/9/2022 11:48
barradas,,Barradas,,1,,5/9/2022 11:48
barragán,,Barragán,,1,,5/9/2022 11:48
barrena,,Barrena,,1,,5/9/2022 11:48
barrera,,Barrera,,1,,5/9/2022 11:48
barrientos,,Barrientos,,1,,5/9/2022 11:48
barrionuevo,,Barrionuevo,,1,,5/9/2022 11:48
barrios,,Barrios,,1,,5/9/2022 11:48
barros,,Barros,,1,,5/9/2022 11:48
barroso,,Barroso,,1,,5/9/2022 11:48
basualdo,,Basualdo,,1,,5/9/2022 11:48
basurto,,Basurto,,1,,5/9/2022 11:48
batista,,Batista,,1,,5/9/2022 11:48
bautista,,Bautista,,1,,5/9/2022 11:48
baviera,,Baviera,,1,,5/9/2022 11:48
bazan,,Bazan,,1,,5/9/2022 11:48
becerra,,Becerra,,1,,5/9/2022 11:48
becerril,,Becerril,,1,,5/9/2022 11:48
bedoya,,Bedoya,,1,,5/9/2022 11:48
bejarano,,Bejarano,,1,,5/9/2022 11:48
bellido,,Bellido,,1,,5/9/2022 11:48
bello,,Bello,,1,,5/9/2022 11:48
belmonte,,Belmonte,,1,,5/9/2022 11:48
belo,,Belo,,1,,5/9/2022 11:48
belon,,Belon,,1,,5/9/2022 11:48
beltran,,Beltran,,1,,5/9/2022 11:48
beltrán,,Beltrán,,1,,5/9/2022 11:48
beltré,,Beltré,,1,,5/9/2022 11:48
benavente,,Benavente,,1,,5/9/2022 11:48
benitez,,Benitez,,1,,5/9/2022 11:48
benítez,,Benítez,,1,,5/9/2022 11:48
benito,,Benito,,1,,5/9/2022 11:48
bermudez,,Bermudez,,1,,5/9/2022 11:48
bermúdez,,Bermúdez,,1,,5/9/2022 11:48
bernal,,Bernal,,1,,5/9/2022 11:48
bernárdez,,Bernárdez,,1,,5/9/2022 11:48
bernardino,,Bernardino,,1,,5/9/2022 11:48
bernardo,,Bernardo,,1,,5/9/2022 11:48
berrios,,Berrios,,1,,5/9/2022 11:48
bertolé,,Bertolé,,1,,5/9/2022 11:48
betancor,,Betancor,,1,,5/9/2022 11:48
betancourt,,Betancourt,,1,,5/9/2022 11:48
bettencourt,,Bettencourt,,1,,5/9/2022 11:48
bielsa,,Bielsa,,1,,5/9/2022 11:48
bilbao,,Bilbao,,1,,5/9/2022 11:48
blanco,,Blanco,,1,,5/9/2022 11:48
blandón,,Blandón,,1,,5/9/2022 11:48
blas,,Blas,,1,,5/9/2022 11:48
bobadilla,,Bobadilla,,1,,5/9/2022 11:48
bolaño,,Bolaño,,1,,5/9/2022 11:48
bolaños,,Bolaños,,1,,5/9/2022 11:48
bolívar,,Bolívar,,1,,5/9/2022 11:48
bonastre,,Bonastre,,1,,5/9/2022 11:48
bonifacio,,Bonifacio,,1,,5/9/2022 11:48
bonifaz,,Bonifaz,,1,,5/9/2022 11:48
bonilla,,Bonilla,,1,,5/9/2022 11:48
borges,,Borges,,1,,5/9/2022 11:48
borja,,Borja,,1,,5/9/2022 11:48
borla,,Borla,,1,,5/9/2022 11:48
borrero,,Borrero,,1,,5/9/2022 11:48
borroto,,Borroto,,1,,5/9/2022 11:48
bosque,,Bosque,,1,,5/9/2022 11:48
bossio,,Bossio,,1,,5/9/2022 11:48
bracamontes,,Bracamontes,,1,,5/9/2022 11:48
bracho,,Bracho,,1,,5/9/2022 11:48
bravo,,Bravo,,1,,5/9/2022 11:48
brenes,,Brenes,,1,,5/9/2022 11:48
briceño,,Briceño,,1,,5/9/2022 11:48
bricio,,Bricio,,1,,5/9/2022 11:48
brigido,,Brigido,,1,,5/9/2022 11:48
briones,,Briones,,1,,5/9/2022 11:48
briseño,,Briseño,,1,,5/9/2022 11:48
brugués,,Brugués,,1,,5/9/2022 11:48
bruno,,Bruno,,1,,5/9/2022 11:48
bucio,,Bucio,,1,,5/9/2022 11:48
buenaventura,,Buenaventura,,1,,5/9/2022 11:48
buendía,,Buendía,,1,,5/9/2022 11:48
bueno,,Bueno,,1,,5/9/2022 11:48
burgos,,Burgos,,1,,5/9/2022 11:48
bustamante,,Bustamante,,1,,5/9/2022 11:48
bustillo,,Bustillo,,1,,5/9/2022 11:48
busto,,Busto,,1,,5/9/2022 11:48
bustos,,Bustos,,1,,5/9/2022 11:48
butrón,,Butrón,,1,,5/9/2022 11:48
caamaño,,Caamaño,,1,,5/9/2022 11:48
cabal,,Cabal,,1,,5/9/2022 11:48
caballero,,Caballero,,1,,5/9/2022 11:48
cabello,,Cabello,,1,,5/9/2022 11:48
cabral,,Cabral,,1,,5/9/2022 11:48
cabrera,,Cabrera,,1,,5/9/2022 11:48
cáceres,,Cáceres,,1,,5/9/2022 11:48
calatayud,,Calatayud,,1,,5/9/2022 11:48
calderon,,Calderon,,1,,5/9/2022 11:48
calderón,,Calderón,,1,,5/9/2022 11:48
callava,,Callava,,1,,5/9/2022 11:48
calle,,Calle,,1,,5/9/2022 11:48
caló,,Caló,,1,,5/9/2022 11:48
calonge,,Calonge,,1,,5/9/2022 11:48
calvente,,Calvente,,1,,5/9/2022 11:48
calvillo,,Calvillo,,1,,5/9/2022 11:48
calviño,,Calviño,,1,,5/9/2022 11:48
calvo,,Calvo,,1,,5/9/2022 11:48
camacho,,Camacho,,1,,5/9/2022 11:48
camargo,,Camargo,,1,,5/9/2022 11:48
caminero,,Caminero,,1,,5/9/2022 11:48
campana,,Campana,,1,,5/9/2022 11:48
campillo,,Campillo,,1,,5/9/2022 11:48
campo,,Campo,,1,,5/9/2022 11:48
campos,,Campos,,1,,5/9/2022 11:48
campuzano,,Campuzano,,1,,5/9/2022 11:48
canales,,Canales,,1,,5/9/2022 11:48
canino,,Canino,,1,,5/9/2022 11:48
cañizares,,Cañizares,,1,,5/9/2022 11:48
cannella,,Cannella,,1,,5/9/2022 11:48
cano,,Cano,,1,,5/9/2022 11:48
cantu,,Cantu,,1,,5/9/2022 11:48
cantù,,Cantù,,1,,5/9/2022 11:48
canzani,,Canzani,,1,,5/9/2022 11:48
capela,,Capela,,1,,5/9/2022 11:48
capilla,,Capilla,,1,,5/9/2022 11:48
capriles,,Capriles,,1,,5/9/2022 11:48
caraballo,,Caraballo,,1,,5/9/2022 11:48
carazo,,Carazo,,1,,5/9/2022 11:48
carballo,,Carballo,,1,,5/9/2022 11:48
cardenas,,Cardenas,,1,,5/9/2022 11:48
cárdenas,,Cárdenas,,1,,5/9/2022 11:48
cardona,,Cardona,,1,,5/9/2022 11:48
cardoso,,Cardoso,,1,,5/9/2022 11:48
cardozo,,Cardozo,,1,,5/9/2022 11:48
carlos,,Carlos,,1,,5/9/2022 11:48
carmona,,Carmona,,1,,5/9/2022 11:48
carnicero,,Carnicero,,1,,5/9/2022 11:48
caro,,Caro,,1,,5/9/2022 11:48
carpena,,Carpena,,1,,5/9/2022 11:48
carpintero,,Carpintero,,1,,5/9/2022 11:48
carpio,,Carpio,,1,,5/9/2022 11:48
carranza,,Carranza,,1,,5/9/2022 11:48
carrasco,,Carrasco,,1,,5/9/2022 11:48
carrasquillo,,Carrasquillo,,1,,5/9/2022 11:48
carreon,,Carreon,,1,,5/9/2022 11:48
carrera,,Carrera,,1,,5/9/2022 11:48
carreras,,Carreras,,1,,5/9/2022 11:48
carrero,,Carrero,,1,,5/9/2022 11:48
carrillo,,Carrillo,,1,,5/9/2022 11:48
cartagena,,Cartagena,,1,,5/9/2022 11:48
carvajal,,Carvajal,,1,,5/9/2022 11:48
carvalho,,Carvalho,,1,,5/9/2022 11:48
casablancas,,Casablancas,,1,,5/9/2022 11:48
casal,,Casal,,1,,5/9/2022 11:48
casales,,Casales,,1,,5/9/2022 11:48
casanova,,Casanova,,1,,5/9/2022 11:48
casas,,Casas,,1,,5/9/2022 11:48
casilla,,Casilla,,1,,5/9/2022 11:48
casillas,,Casillas,,1,,5/9/2022 11:48
casimiro,,Casimiro,,1,,5/9/2022 11:48
castaneda,,Castaneda,,1,,5/9/2022 11:48
castañeda,,Castañeda,,1,,5/9/2022 11:48
castelblanco,,Castelblanco,,1,,5/9/2022 11:48
castellano,,Castellano,,1,,5/9/2022 11:48
castellanos,,Castellanos,,1,,5/9/2022 11:48
castelo,,Castelo,,1,,5/9/2022 11:48
castilla,,Castilla,,1,,5/9/2022 11:48
castillo,,Castillo,,1,,5/9/2022 11:48
castrillón,,Castrillón,,1,,5/9/2022 11:48
castro,,Castro,,1,,5/9/2022 11:48
catalán,,Catalán,,1,,5/9/2022 11:48
ceballos,,Ceballos,,1,,5/9/2022 11:48
cebrián,,Cebrián,,1,,5/9/2022 11:48
cejas,,Cejas,,1,,5/9/2022 11:48
ceniceros,,Ceniceros,,1,,5/9/2022 11:48
cepeda,,Cepeda,,1,,5/9/2022 11:48
cerna,,Cerna,,1,,5/9/2022 11:48
cervantes,,Cervantes,,1,,5/9/2022 11:48
céspedes,,Céspedes,,1,,5/9/2022 11:48
cestero,,Cestero,,1,,5/9/2022 11:48
cevallos,,Cevallos,,1,,5/9/2022 11:48
chacón,,Chacón,,1,,5/9/2022 11:48
chavarría,,Chavarría,,1,,5/9/2022 11:48
chaves,,Chaves,,1,,5/9/2022 11:48
chavez,,Chavez,,1,,5/14/2024 2:16
chávez,,Chávez,,1,,5/14/2024 2:16
chillida,,Chillida,,1,,5/14/2024 2:16
chirinos,,Chirinos,,1,,5/14/2024 2:16
cienfuegos,,Cienfuegos,,1,,5/14/2024 2:16
cifuentes,,Cifuentes,,1,,5/14/2024 2:16
cisneros,,Cisneros,,1,,5/14/2024 2:16
cisternas,,Cisternas,,1,,5/14/2024 2:16
claros,,Claros,,1,,5/14/2024 2:16
claver,,Claver,,1,,5/14/2024 2:16
clemente,,Clemente,,1,,5/14/2024 2:16
climaco,,Climaco,,1,,5/14/2024 2:16
clivillés,,Clivillés,,1,,5/14/2024 2:16
coelho,,Coelho,,1,,5/14/2024 2:16
collantes,,Collantes,,1,,5/14/2024 2:16
colmenares,,Colmenares,,1,,5/14/2024 2:16
colmenero,,Colmenero,,1,,5/14/2024 2:16
colomer,,Colomer,,1,,5/14/2024 2:16
colón,,Colón,,1,,5/14/2024 2:16
comella,,Comella,,1,,5/14/2024 2:16
conejo,,Conejo,,1,,5/14/2024 2:16
constantino,,Constantino,,1,,5/14/2024 2:16
contreras,,Contreras,,1,,5/14/2024 2:16
copello,,Copello,,1,,5/14/2024 2:16
corcuera,,Corcuera,,1,,5/14/2024 2:16
cordero,,Cordero,,1,,5/14/2024 2:16
cordova,,Cordova,,1,,5/14/2024 2:16
cordovez,,Cordovez,,1,,5/14/2024 2:16
coria,,Coria,,1,,5/14/2024 2:16
corominas,,Corominas,,1,,5/14/2024 2:16
coromines,,Coromines,,1,,5/14/2024 2:16
corona,,Corona,,1,,5/14/2024 2:16
coronado,,Coronado,,1,,5/14/2024 2:16
corrales,,Corrales,,1,,5/14/2024 2:16
correa,,Correa,,1,,5/14/2024 2:16
correia,,Correia,,1,,5/14/2024 2:16
cortes,,Cortes,,1,,5/14/2024 2:16
cortés,,Cortés,,1,,5/14/2024 2:16
cortez,,Cortez,,1,,5/14/2024 2:16
cortina,,Cortina,,1,,5/14/2024 2:16
cortizo,,Cortizo,,1,,5/14/2024 2:16
costa,,Costa,,1,,5/14/2024 2:16
covarrubias,,Covarrubias,,1,,5/14/2024 2:16
crespi,,Crespi,,1,,5/14/2024 2:16
crespo,,Crespo,,1,,5/14/2024 2:16
crisologo,,Crisologo,,1,,5/14/2024 2:16
cruz,,Cruz,,1,,5/14/2024 2:16
cuadra,,Cuadra,,1,,5/14/2024 2:16
cubilla,,Cubilla,,1,,5/14/2024 2:16
cuellar,,Cuellar,,1,,5/14/2024 2:16
cuéllar,,Cuéllar,,1,,5/14/2024 2:16
cuello,,Cuello,,1,,5/14/2024 2:16
cuesta,,Cuesta,,1,,5/14/2024 2:16
cueto,,Cueto,,1,,5/14/2024 2:16
cuevas,,Cuevas,,1,,5/14/2024 2:16
cumplido,,Cumplido,,1,,5/14/2024 2:16
cunha,,Cunha,,1,,5/14/2024 2:16
da gama,,Da Gama,,1,,5/14/2024 2:16
dalí,,Dalí,,1,,5/14/2024 2:16
damirón,,Damirón,,1,,5/14/2024 2:16
daniel,,Daniel,,1,,5/14/2024 2:16
davalillo,,Davalillo,,1,,5/14/2024 2:16
david,,David,,1,,5/14/2024 2:16
davila,,Davila,,1,,5/14/2024 2:16
dávila,,Dávila,,1,,5/14/2024 2:16
de alarcón,,de Alarcón,,1,,5/14/2024 2:16
de argüello,,de Argüello,,1,,5/14/2024 2:16
de córdova,,de Córdova,,1,,5/14/2024 2:16
de jesus,,de Jesus,,1,,5/14/2024 2:16
de la cierva,,de la Cierva,,1,,5/14/2024 2:16
de la cruz,,de la Cruz,,1,,5/14/2024 2:16
de la fuente,,de la Fuente,,1,,5/14/2024 2:16
de la peña,,de la Peña,,1,,5/14/2024 2:16
de la rosa,,de la Rosa,,1,,5/14/2024 2:16
de la torre,,de la Torre,,1,,5/14/2024 2:16
de la vega,,de la Vega,,1,,5/14/2024 2:16
de lacalle,,de Lacalle,,1,,5/14/2024 2:16
de león,,de León,,1,,5/14/2024 2:16
de los reyes,,de Los Reyes,,1,,5/14/2024 2:16
de los santos,,de Los Santos,,1,,5/14/2024 2:16
de lucas,,de Lucas,,1,,5/14/2024 2:16
de mercado,,de Mercado,,1,,5/14/2024 2:16
de ribera,,de Ribera,,1,,5/14/2024 2:16
de santiago,,de Santiago,,1,,5/14/2024 2:16
de soto,,de Soto,,1,,5/14/2024 2:16
de teresa,,de Teresa,,1,,5/14/2024 2:16
de valera,,de Valera,,1,,5/14/2024 2:16
de vargas,,de Vargas,,1,,5/14/2024 2:16
decena,,Decena,,1,,5/14/2024 2:16
del bosque,,del Bosque,,1,,5/14/2024 2:16
del campo,,del Campo,,1,,5/14/2024 2:16
del granado,,del Granado,,1,,5/14/2024 2:16
del olmo,,del Olmo,,1,,5/14/2024 2:16
del rey,,del Rey,,1,,5/14/2024 2:16
del río,,del Río,,1,,5/14/2024 2:16
del rosario,,del Rosario,,1,,5/14/2024 2:16
del toro,,del Toro,,1,,5/14/2024 2:16
del acruz,,del Acruz,,1,,5/14/2024 2:16
del afuente,,del Afuente,,1,,5/14/2024 2:16
del agarza,,del Agarza,,1,,5/14/2024 2:16
del arosa,,del Arosa,,1,,5/14/2024 2:16
del atorre,,del Atorre,,1,,5/14/2024 2:16
del eon,,del Eon,,1,,5/14/2024 2:16
del fin,,del Fin,,1,,5/14/2024 2:16
del gadillo,,del Gadillo,,1,,5/14/2024 2:16
del gado,,del Gado,,1,,5/14/2024 2:16
del la penna,,del la Penna,,1,,5/14/2024 2:16
del ossantos,,del Ossantos,,1,,5/14/2024 2:16
del rio,,del Rio,,1,,5/14/2024 2:16
del una,,del Una,,1,,5/14/2024 2:16
del valle,,del Valle,,1,,5/14/2024 2:16
derbez,,Derbez,,1,,5/14/2024 2:16
dias,,Dias,,1,,5/14/2024 2:16
diaz,,Diaz,,1,,5/14/2024 2:16
díaz,,Díaz,,1,,5/14/2024 2:16
diego,,Diego,,1,,5/14/2024 2:16
diéguez,,Diéguez,,1,,5/14/2024 2:16
dieste,,Dieste,,1,,5/14/2024 2:16
diez,,Diez,,1,,5/14/2024 2:16
díez,,Díez,,1,,5/14/2024 2:16
dimas,,Dimas,,1,,5/14/2024 2:16
distefano,,Distefano,,1,,5/14/2024 2:16
domingo,,Domingo,,1,,5/14/2024 2:16
dominguez,,Dominguez,,1,,5/14/2024 2:16
domínguez,,Domínguez,,1,,5/14/2024 2:16
dorta,,Dorta,,1,,5/14/2024 2:16
dosman,,Dosman,,1,,5/14/2024 2:16
duarte,,Duarte,,1,,5/14/2024 2:16
dulanto,,Dulanto,,1,,5/14/2024 2:16
duque,,Duque,,1,,5/14/2024 2:16
duran,,Duran,,1,,5/14/2024 2:16
durán,,Durán,,1,,5/14/2024 2:16
echevarria,,Echevarria,,1,,5/14/2024 2:16
echevarría,,Echevarría,,1,,5/14/2024 2:16
echeverría,,Echeverría,,1,,5/14/2024 2:16
elizondo,,Elizondo,,1,,5/14/2024 2:16
enriquez,,Enriquez,,1,,5/14/2024 2:16
enríquez,,Enríquez,,1,,5/14/2024 2:16
erasto,,Erasto,,1,,5/14/2024 2:16
escalante,,Escalante,,1,,5/14/2024 2:16
escalera,,Escalera,,1,,5/14/2024 2:16
escalona,,Escalona,,1,,5/14/2024 2:16
escamilla,,Escamilla,,1,,5/14/2024 2:16
escárcega,,Escárcega,,1,,5/14/2024 2:16
escarrà,,Escarrà,,1,,5/14/2024 2:16
esco,,Esco,,1,,5/14/2024 2:16
escobar,,Escobar,,1,,5/14/2024 2:16
escobedo,,Escobedo,,1,,5/14/2024 2:16
escoboza,,Escoboza,,1,,5/14/2024 2:16
escolano,,Escolano,,1,,5/14/2024 2:16
escudero,,Escudero,,1,,5/14/2024 2:16
esparza,,Esparza,,1,,5/14/2024 2:16
espejo,,Espejo,,1,,5/14/2024 2:16
espina,,Espina,,1,,5/14/2024 2:16
espinal,,Espinal,,1,,5/14/2024 2:16
espino,,Espino,,1,,5/14/2024 2:16
espínola,,Espínola,,1,,5/14/2024 2:16
espinosa,,Espinosa,,1,,5/14/2024 2:16
espinoza,,Espinoza,,1,,5/14/2024 2:16
esquivel,,Esquivel,,1,,5/14/2024 2:16
estanislau,,Estanislau,,1,,5/14/2024 2:16
estaves,,Estaves,,1,,5/14/2024 2:16
esteban,,Esteban,,1,,5/14/2024 2:16
esteve,,Esteve,,1,,5/14/2024 2:16
estévez,,Estévez,,1,,5/14/2024 2:16
estrada,,Estrada,,1,,5/14/2024 2:16
estrella,,Estrella,,1,,5/14/2024 2:16
estupiñán,,Estupiñán,,1,,5/14/2024 2:16
evangelista,,Evangelista,,1,,5/14/2024 2:16
expósito,,Expósito,,1,,5/14/2024 2:16
fabra,,Fabra,,1,,5/14/2024 2:16
fajardo,,Fajardo,,1,,5/14/2024 2:16
falcon,,Falcon,,1,,5/14/2024 2:16
fandiño,,Fandiño,,1,,5/14/2024 2:16
farfán,,Farfán,,1,,5/14/2024 2:16
farro,,Farro,,1,,5/14/2024 2:16
febles,,Febles,,1,,5/14/2024 2:16
feliciano,,Feliciano,,1,,5/14/2024 2:16
felipe,,Felipe,,1,,5/14/2024 2:16
félix,,Félix,,1,,5/14/2024 2:16
fernandes,,Fernandes,,1,,5/14/2024 2:16
fernandez,,Fernandez,,1,,5/14/2024 2:16
fernández,,Fernández,,1,,5/14/2024 2:16
ferreira,,Ferreira,,1,,5/14/2024 2:16
ferreiro,,Ferreiro,,1,,5/14/2024 2:16
ferrero,,Ferrero,,1,,5/14/2024 2:16
ferreyra,,Ferreyra,,1,,5/14/2024 2:16
ferriz,,Ferriz,,1,,5/14/2024 2:16
ferro,,Ferro,,1,,5/14/2024 2:16
fierro,,Fierro,,1,,5/14/2024 2:16
figueras,,Figueras,,1,,5/14/2024 2:16
figueroa,,Figueroa,,1,,5/14/2024 2:16
figuerola,,Figuerola,,1,,5/14/2024 2:16
filomeno,,Filomeno,,1,,5/14/2024 2:16
florencio,,Florencio,,1,,5/14/2024 2:16
flores,,Flores,,1,,5/14/2024 2:16
florez,,Florez,,1,,5/14/2024 2:16
florimón,,Florimón,,1,,5/14/2024 2:16
fonseca,,Fonseca,,1,,5/14/2024 2:16
fontana,,Fontana,,1,,5/14/2024 2:16
forero,,Forero,,1,,5/14/2024 2:16
fraga,,Fraga,,1,,5/14/2024 2:16
francisco,,Francisco,,1,,5/14/2024 2:16
franco,,Franco,,1,,5/14/2024 2:16
frausto,,Frausto,,1,,5/14/2024 2:16
freitas,,Freitas,,1,,5/14/2024 2:16
frias,,Frias,,1,,5/14/2024 2:16
fuenmayor,,Fuenmayor,,1,,5/14/2024 2:16
fuentes,,Fuentes,,1,,5/14/2024 2:16
fundora,,Fundora,,1,,5/14/2024 2:16
funes,,Funes,,1,,5/14/2024 2:16
gabriel,,Gabriel,,1,,5/14/2024 2:16
gaitán,,Gaitán,,1,,5/14/2024 2:16
galaz,,Galaz,,1,,5/14/2024 2:16
galdames,,Galdames,,1,,5/14/2024 2:16
galdón,,Galdón,,1,,5/14/2024 2:16
galdós,,Galdós,,1,,5/14/2024 2:16
galich,,Galich,,1,,5/14/2024 2:16
galindo,,Galindo,,1,,5/14/2024 2:16
gallardo,,Gallardo,,1,,5/14/2024 2:16
gallego,,Gallego,,1,,5/14/2024 2:16
gallegos,,Gallegos,,1,,5/14/2024 2:16
gallo,,Gallo,,1,,5/14/2024 2:16
galvan,,Galvan,,1,,5/14/2024 2:16
galvez,,Galvez,,1,,5/14/2024 2:16
gama,,Gama,,1,,5/14/2024 2:16
gamoneda,,Gamoneda,,1,,5/14/2024 2:16
ganado,,Ganado,,1,,5/14/2024 2:16
gante,,Gante,,1,,5/14/2024 2:16
garbajosa,,Garbajosa,,1,,5/14/2024 2:16
garci,,Garci,,1,,5/14/2024 2:16
garcia,,Garcia,,1,,5/14/2024 2:16
garcía,,García,,1,,5/14/2024 2:16
garrido,,Garrido,,1,,5/14/2024 2:16
garza,,Garza,,1,,5/14/2024 2:16
gaspar,,Gaspar,,1,,5/14/2024 2:16
gastélum,,Gastélum,,1,,5/14/2024 2:16
gay,,Gay,,1,,5/14/2024 2:16
gaytán,,Gaytán,,1,,5/14/2024 2:16
gelabert,,Gelabert,,1,,5/14/2024 2:16
gil,,Gil,,1,,5/14/2024 2:16
giménez,,Giménez,,1,,5/14/2024 2:16
giraldo,,Giraldo,,1,,5/14/2024 2:16
godinez,,Godinez,,1,,5/14/2024 2:16
godínez,,Godínez,,1,,5/14/2024 2:16
godoy,,Godoy,,1,,5/14/2024 2:16
gomes,,Gomes,,1,,5/14/2024 2:16
gomez,,Gomez,,1,,5/14/2024 2:16
gómez,,Gómez,,1,,5/14/2024 2:16
goncalves,,Goncalves,,1,,5/14/2024 2:16
gonçalves,,Gonçalves,,1,,5/14/2024 2:16
gonzales,,Gonzales,,1,,5/14/2024 2:16
gonzalez,,Gonzalez,,1,,5/14/2024 2:16
gonzález,,González,,1,,5/14/2024 2:16
gordillo,,Gordillo,,1,,5/14/2024 2:16
gordon,,Gordon,,1,,5/14/2024 2:16
gouveia,,Gouveia,,1,,5/14/2024 2:16
gracián,,Gracián,,1,,5/14/2024 2:16
graciano,,Graciano,,1,,5/14/2024 2:16
grajales,,Grajales,,1,,5/14/2024 2:16
grande,,Grande,,1,,5/14/2024 2:16
granillo,,Granillo,,1,,5/14/2024 2:16
guadarrama,,Guadarrama,,1,,5/14/2024 2:16
guaita,,Guaita,,1,,5/14/2024 2:16
guajardo,,Guajardo,,1,,5/14/2024 2:16
guardado,,Guardado,,1,,5/14/2024 2:16
guardia,,Guardia,,1,,5/14/2024 2:16
guerra,,Guerra,,1,,5/14/2024 2:16
guerrero,,Guerrero,,1,,5/14/2024 2:16
guevara,,Guevara,,1,,5/14/2024 2:16
guillén,,Guillén,,1,,5/14/2024 2:16
gutierrez,,Gutierrez,,1,,5/14/2024 2:16
gutiérrez,,Gutiérrez,,1,,5/14/2024 2:16
guzman,,Guzman,,1,,5/14/2024 2:16
guzmán,,Guzmán,,1,,5/14/2024 2:16
henao,,Henao,,1,,5/14/2024 2:16
henriquez,,Henriquez,,1,,5/14/2024 2:16
henrqiues,,Henrqiues,,1,,5/14/2024 2:16
heras,,Heras,,1,,5/14/2024 2:16
heredia,,Heredia,,1,,5/14/2024 2:16
hermosillo,,Hermosillo,,1,,5/14/2024 2:16
hermoso,,Hermoso,,1,,5/14/2024 2:16
hermoza,,Hermoza,,1,,5/14/2024 2:16
hernáez,,Hernáez,,1,,5/14/2024 2:16
hernandes,,Hernandes,,1,,5/14/2024 2:16
hernandez,,Hernandez,,1,,5/14/2024 2:16
hernández,,Hernández,,1,,5/14/2024 2:16
hernando,,Hernando,,1,,5/14/2024 2:16
hernanz,,Hernanz,,1,,5/14/2024 2:16
herrada,,Herrada,,1,,5/14/2024 2:16
herrera,,Herrera,,1,,5/14/2024 2:16
herrero,,Herrero,,1,,5/14/2024 2:16
herreros,,Herreros,,1,,5/14/2024 2:16
hervás,,Hervás,,1,,5/14/2024 2:16
hidalgo,,Hidalgo,,1,,5/14/2024 2:16
hierro,,Hierro,,1,,5/14/2024 2:16
higueras,,Higueras,,1,,5/14/2024 2:16
hinojosa,,Hinojosa,,1,,5/14/2024 2:16
holguín,,Holguín,,1,,5/14/2024 2:16
huerta,,Huerta,,1,,5/14/2024 2:16
huertas,,Huertas,,1,,5/14/2024 2:16
hurtado,,Hurtado,,1,,5/14/2024 2:16
ibáñez,,Ibáñez,,1,,5/14/2024 2:16
ibarra,,Ibarra,,1,,5/14/2024 2:16
iglesias,,Iglesias,,1,,5/14/2024 2:16
illanes,,Illanes,,1,,5/14/2024 2:16
iniesta,,Iniesta,,1,,5/14/2024 2:16
iñíguez,,Iñíguez,,1,,5/14/2024 2:16
íñiguez,,Íñiguez,,1,,5/14/2024 2:16
insfran,,Insfran,,1,,5/14/2024 2:16
islas,,Islas,,1,,5/14/2024 2:16
izquierdo,,Izquierdo,,1,,5/14/2024 2:16
jacome,,Jacome,,1,,5/14/2024 2:16
jaén,,Jaén,,1,,5/14/2024 2:16
jaimes,,Jaimes,,1,,5/14/2024 2:16
jaquez,,Jaquez,,1,,5/14/2024 2:16
jara,,Jara,,1,,5/14/2024 2:16
jaramillo,,Jaramillo,,1,,5/14/2024 2:16
jareño,,Jareño,,1,,5/14/2024 2:16
javier,,Javier,,1,,5/14/2024 2:16
jerónimo,,Jerónimo,,1,,5/14/2024 2:16
jesus,,Jesus,,1,,5/14/2024 2:16
jimenez,,Jimenez,,1,,5/14/2024 2:16
jiménez,,Jiménez,,1,,5/14/2024 2:16
jordá,,Jordá,,1,,5/14/2024 2:16
jorge,,Jorge,,1,,5/14/2024 2:16
juan,,Juan,,1,,5/14/2024 2:16
juarez,,Juarez,,1,,5/14/2024 2:16
juárez,,Juárez,,1,,5/14/2024 2:16
justino,,Justino,,1,,5/14/2024 2:16
kindel án,,Kindel án,,1,,5/14/2024 2:16
labordeta,,Labordeta,,1,,5/14/2024 2:16
labra,,Labra,,1,,5/14/2024 2:16
lacalle,,Lacalle,,1,,5/14/2024 2:16
lacava,,Lacava,,1,,5/14/2024 2:16
lagrotta,,Lagrotta,,1,,5/14/2024 2:16
lamela,,Lamela,,1,,5/14/2024 2:16
lamelas,,Lamelas,,1,,5/14/2024 2:16
landa,,Landa,,1,,5/14/2024 2:16
landicho,,Landicho,,1,,5/14/2024 2:16
lara,,Lara,,1,,5/14/2024 2:16
larosa,,Larosa,,1,,5/14/2024 2:16
latorre,,Latorre,,1,,5/14/2024 2:16
lavalle,,Lavalle,,1,,5/14/2024 2:16
lázaro,,Lázaro,,1,,5/14/2024 2:16
lazo,,Lazo,,1,,5/14/2024 2:16
leal,,Leal,,1,,5/14/2024 2:16
lebrón,,Lebrón,,1,,5/14/2024 2:16
lechuga,,Lechuga,,1,,5/14/2024 2:16
ledezma,,Ledezma,,1,,5/14/2024 2:16
leon,,Leon,,1,,5/14/2024 2:16
león,,León,,1,,5/14/2024 2:16
lesmes,,Lesmes,,1,,5/14/2024 2:16
lévano,,Lévano,,1,,5/14/2024 2:16
leyva,,Leyva,,1,,5/14/2024 2:16
liberato,,Liberato,,1,,5/14/2024 2:16
libertad,,Libertad,,1,,5/14/2024 2:16
licerio,,Licerio,,1,,5/14/2024 2:16
licon,,Licon,,1,,5/14/2024 2:16
lima,,Lima,,1,,5/14/2024 2:16
liz,,Liz,,1,,5/14/2024 2:16
lizano,,Lizano,,1,,5/14/2024 2:16
llamas,,Llamas,,1,,5/14/2024 2:16
llanes,,Llanes,,1,,5/14/2024 2:16
lleras,,Lleras,,1,,5/14/2024 2:16
llompart,,Llompart,,1,,5/14/2024 2:16
lloreda,,Lloreda,,1,,5/14/2024 2:16
llorente,,Llorente,,1,,5/14/2024 2:16
lobatón,,Lobatón,,1,,5/14/2024 2:16
lobo,,Lobo,,1,,5/14/2024 2:16
longoria,,Longoria,,1,,5/14/2024 2:16
lopes,,Lopes,,1,,5/14/2024 2:16
lopez,,Lopez,,1,,5/14/2024 2:16
lópez,,López,,1,,5/14/2024 2:16
lora,,Lora,,1,,5/14/2024 2:16
loredo,,Loredo,,1,,5/14/2024 2:16
lorenzo,,Lorenzo,,1,,5/14/2024 2:16
losa,,Losa,,1,,5/14/2024 2:16
losoya,,Losoya,,1,,5/14/2024 2:16
loya,,Loya,,1,,5/14/2024 2:16
loyola,,Loyola,,1,,5/14/2024 2:16
loza,,Loza,,1,,5/14/2024 2:16
lozano,,Lozano,,1,,5/14/2024 2:16
lozoya,,Lozoya,,1,,5/14/2024 2:16
lucas,,Lucas,,1,,5/14/2024 2:16
lucena,,Lucena,,1,,5/14/2024 2:16
lucero,,Lucero,,1,,5/14/2024 2:16
lucio,,Lucio,,1,,5/14/2024 2:16
luengo,,Luengo,,1,,5/14/2024 2:16
lugo,,Lugo,,1,,5/14/2024 2:16
luna,,Luna,,1,,5/14/2024 2:16
luz,,Luz,,1,,5/14/2024 2:16
luzon,,Luzon,,1,,5/14/2024 2:16
maceo,,Maceo,,1,,5/14/2024 2:16
macero,,Macero,,1,,5/14/2024 2:16
machado,,Machado,,1,,5/14/2024 2:16
machuca,,Machuca,,1,,5/14/2024 2:16
macias,,Macias,,1,,5/14/2024 2:16
macías,,Macías,,1,,5/14/2024 2:16
maciel,,Maciel,,1,,5/14/2024 2:16
madeira,,Madeira,,1,,5/14/2024 2:16
madero,,Madero,,1,,5/14/2024 2:16
madrazo,,Madrazo,,1,,5/14/2024 2:16
madrid,,Madrid,,1,,5/14/2024 2:16
madrigal,,Madrigal,,1,,5/14/2024 2:16
maestre,,Maestre,,1,,5/14/2024 2:16
magalhaes,,Magalhaes,,1,,5/14/2024 2:16
magalhães,,Magalhães,,1,,5/14/2024 2:16
magallanes,,Magallanes,,1,,5/14/2024 2:16
magana,,Magana,,1,,5/14/2024 2:16
magro,,Magro,,1,,5/14/2024 2:16
maldonado,,Maldonado,,1,,5/14/2024 2:16
malla,,Malla,,1,,5/14/2024 2:16
mallarino,,Mallarino,,1,,5/14/2024 2:16
mancilla,,Mancilla,,1,,5/14/2024 2:16
mancisidor,,Mancisidor,,1,,5/14/2024 2:16
mangual,,Mangual,,1,,5/14/2024 2:16
manila,,Manila,,1,,5/14/2024 2:16
mansilla,,Mansilla,,1,,5/14/2024 2:16
manzo,,Manzo,,1,,5/14/2024 2:16
maradona,,Maradona,,1,,5/14/2024 2:16
marciano,,Marciano,,1,,5/14/2024 2:16
marco,,Marco,,1,,5/14/2024 2:16
marcos,,Marcos,,1,,5/14/2024 2:16
maria,,Maria,,1,,5/14/2024 2:16
maría,,María,,1,,5/14/2024 2:16
mariano,,Mariano,,1,,5/14/2024 2:16
marichal,,Marichal,,1,,5/14/2024 2:16
marin,,Marin,,1,,5/14/2024 2:16
marín,,Marín,,1,,5/14/2024 2:16
marino,,Marino,,1,,5/14/2024 2:16
marques,,Marques,,1,,5/14/2024 2:16
marqués,,Marqués,,1,,5/14/2024 2:16
marquez,,Marquez,,1,,5/14/2024 2:16
márquez,,Márquez,,1,,5/14/2024 2:16
marrero,,Marrero,,1,,5/14/2024 2:16
marron,,Marron,,1,,5/14/2024 2:16
marroquín,,Marroquín,,1,,5/14/2024 2:16
martín,,Martín,,1,,5/14/2024 2:16
martines,,Martines,,1,,5/14/2024 2:16
martinez,,Martinez,,1,,5/14/2024 2:16
martínez,,Martínez,,1,,5/14/2024 2:16
martins,,Martins,,1,,5/14/2024 2:16
martos,,Martos,,1,,5/14/2024 2:16
mata,,Mata,,1,,5/14/2024 2:16
mateo,,Mateo,,1,,5/14/2024 2:16
mateos,,Mateos,,1,,5/14/2024 2:16
mateus,,Mateus,,1,,5/14/2024 2:16
matos,,Matos,,1,,5/14/2024 2:16
mauricio,,Mauricio,,1,,5/14/2024 2:16
maya,,Maya,,1,,5/14/2024 2:16
máynez,,Máynez,,1,,5/14/2024 2:16
mayo,,Mayo,,1,,5/14/2024 2:16
mayor,,Mayor,,1,,5/14/2024 2:16
mayoral,,Mayoral,,1,,5/14/2024 2:16
maytín,,Maytín,,1,,5/14/2024 2:16
mazo,,Mazo,,1,,5/14/2024 2:16
mazon,,Mazon,,1,,5/14/2024 2:16
medeiros,,Medeiros,,1,,5/14/2024 2:16
medel ,,Medel ,,1,,5/14/2024 2:16
mederos,,Mederos,,1,,5/14/2024 2:16
medina,,Medina,,1,,5/14/2024 2:16
medrano,,Medrano,,1,,5/14/2024 2:16
mejía,,Mejía,,1,,5/14/2024 2:16
melendez,,Melendez,,1,,5/14/2024 2:16
meléndez,,Meléndez,,1,,5/14/2024 2:16
mellado,,Mellado,,1,,5/14/2024 2:16
melo,,Melo,,1,,5/14/2024 2:16
menaldo,,Menaldo,,1,,5/14/2024 2:16
mendes,,Mendes,,1,,5/14/2024 2:16
mendez,,Mendez,,1,,5/14/2024 2:16
méndez,,Méndez,,1,,5/14/2024 2:16
mendieta,,Mendieta,,1,,5/14/2024 2:16
mendosa,,Mendosa,,1,,5/14/2024 2:16
mendoza,,Mendoza,,1,,5/14/2024 2:16
menem,,Menem,,1,,5/14/2024 2:16
menéndez,,Menéndez,,1,,5/14/2024 2:16
menezes,,Menezes,,1,,5/14/2024 2:16
mercado,,Mercado,,1,,5/14/2024 2:16
mercedes,,Mercedes,,1,,5/14/2024 2:16
merino,,Merino,,1,,5/14/2024 2:16
merlo,,Merlo,,1,,5/14/2024 2:16
mesa,,Mesa,,1,,5/14/2024 2:16
meza,,Meza,,1,,5/14/2024 2:16
miguel,,Miguel,,1,,5/14/2024 2:16
miguélez,,Miguélez,,1,,5/14/2024 2:16
milan,,Milan,,1,,5/14/2024 2:16
milian,,Milian,,1,,5/14/2024 2:16
millan,,Millan,,1,,5/14/2024 2:16
minaya,,Minaya,,1,,5/14/2024 2:16
mingo,,Mingo,,1,,5/14/2024 2:16
miño,,Miño,,1,,5/14/2024 2:16
miramón,,Miramón,,1,,5/14/2024 2:16
miramontes,,Miramontes,,1,,5/14/2024 2:16
miranda,,Miranda,,1,,5/14/2024 2:16
miró,,Miró,,1,,5/14/2024 2:16
miron,,Miron,,1,,5/14/2024 2:16
molano,,Molano,,1,,5/14/2024 2:16
molina,,Molina,,1,,5/14/2024 2:16
molinar,,Molinar,,1,,5/14/2024 2:16
molinero,,Molinero,,1,,5/14/2024 2:16
mondragon,,Mondragon,,1,,5/14/2024 2:16
monedero,,Monedero,,1,,5/14/2024 2:16
monroy,,Monroy,,1,,5/14/2024 2:16
montana,,Montana,,1,,5/14/2024 2:16
montaña,,Montaña,,1,,5/14/2024 2:16
montañés,,Montañés,,1,,5/14/2024 2:16
montañez,,Montañez,,1,,5/14/2024 2:16
montano,,Montano,,1,,5/14/2024 2:16
montaño,,Montaño,,1,,5/14/2024 2:16
monte,,Monte,,1,,5/14/2024 2:16
monteiro,,Monteiro,,1,,5/14/2024 2:16
montejano,,Montejano,,1,,5/14/2024 2:16
montenegro,,Montenegro,,1,,5/14/2024 2:16
montero,,Montero,,1,,5/14/2024 2:16
montes,,Montes,,1,,5/14/2024 2:16
montoya,,Montoya,,1,,5/14/2024 2:16
mora,,Mora,,1,,5/14/2024 2:16
morado,,Morado,,1,,5/14/2024 2:16
morales,,Morales,,1,,5/14/2024 2:16
moralez,,Moralez,,1,,5/14/2024 2:16
morata,,Morata,,1,,5/14/2024 2:16
moreno,,Moreno,,1,,5/14/2024 2:16
morente,,Morente,,1,,5/14/2024 2:16
morillo,,Morillo,,1,,5/14/2024 2:16
moríñigo,,Moríñigo,,1,,5/14/2024 2:16
morón,,Morón,,1,,5/14/2024 2:16
moscardó,,Moscardó,,1,,5/14/2024 2:16
moscoso,,Moscoso,,1,,5/14/2024 2:16
mosqueira,,Mosqueira,,1,,5/14/2024 2:16
mota,,Mota,,1,,5/14/2024 2:16
mouriño,,Mouriño,,1,,5/14/2024 2:16
moya,,Moya,,1,,5/14/2024 2:16
mucciolo,,Mucciolo,,1,,5/14/2024 2:16
muniz,,Muniz,,1,,5/14/2024 2:16
munoz,,Munoz,,1,,5/14/2024 2:16
muñoz,,Muñoz,,1,,5/14/2024 2:16
muralles,,Muralles,,1,,5/14/2024 2:16
murciano,,Murciano,,1,,5/14/2024 2:16
murillo,,Murillo,,1,,5/14/2024 2:16
murray,,Murray,,1,,5/14/2024 2:16
nabarro,,Nabarro,,1,,5/14/2024 2:16
Ñáñez,,Ñáñez,,1,,5/14/2024 2:16
nápoles,,Nápoles,,1,,5/14/2024 2:16
narvaez,,Narvaez,,1,,5/14/2024 2:16
narváez,,Narváez,,1,,5/14/2024 2:16
nava,,Nava,,1,,5/14/2024 2:16
navarrete,,Navarrete,,1,,5/14/2024 2:16
navarrette,,Navarrette,,1,,5/14/2024 2:16
navarro,,Navarro,,1,,5/14/2024 2:16
navas,,Navas,,1,,5/14/2024 2:16
nazareno,,Nazareno,,1,,5/14/2024 2:16
nieto,,Nieto,,1,,5/14/2024 2:16
nieves,,Nieves,,1,,5/14/2024 2:16
Ñíguez,,Ñíguez,,1,,5/14/2024 2:16
nino,,Nino,,1,,5/14/2024 2:16
nogueira,,Nogueira,,1,,5/14/2024 2:16
noguera,,Noguera,,1,,5/14/2024 2:16
norales,,Norales,,1,,5/14/2024 2:16
nores,,Nores,,1,,5/14/2024 2:16
noriega,,Noriega,,1,,5/14/2024 2:16
nouvilas,,Nouvilas,,1,,5/14/2024 2:16
nunes,,Nunes,,1,,5/14/2024 2:16
nunez,,Nunez,,1,,5/14/2024 2:16
núñez,,Núñez,,1,,5/14/2024 2:16
obando,,Obando,,1,,5/14/2024 2:16
oblitas,,Oblitas,,1,,5/14/2024 2:16
obrador,,Obrador,,1,,5/14/2024 2:16
ocampo,,Ocampo,,1,,5/14/2024 2:16
ocampos,,Ocampos,,1,,5/14/2024 2:16
ocasio,,Ocasio,,1,,5/14/2024 2:16
oceguera,,Oceguera,,1,,5/14/2024 2:16
ochoa,,Ochoa,,1,,5/14/2024 2:16
ogazón,,Ogazón,,1,,5/14/2024 2:16
ojeda,,Ojeda,,1,,5/14/2024 2:16
oleastro,,Oleastro,,1,,5/14/2024 2:16
olguín,,Olguín,,1,,5/14/2024 2:16
oliva,,Oliva,,1,,5/14/2024 2:16
olivares,,Olivares,,1,,5/14/2024 2:16
olivarez,,Olivarez,,1,,5/14/2024 2:16
olivas,,Olivas,,1,,5/14/2024 2:16
oliveira,,Oliveira,,1,,5/14/2024 2:16
olivencia,,Olivencia,,1,,5/14/2024 2:16
olmo,,Olmo,,1,,5/14/2024 2:16
olmos,,Olmos,,1,,5/14/2024 2:16
oncina,,Oncina,,1,,5/14/2024 2:16
ontiveros,,Ontiveros,,1,,5/14/2024 2:16
oquendo,,Oquendo,,1,,5/14/2024 2:16
oramas,,Oramas,,1,,5/14/2024 2:16
ordóñez,,Ordóñez,,1,,5/14/2024 2:16
orejuela,,Orejuela,,1,,5/14/2024 2:16
orellana,,Orellana,,1,,5/14/2024 2:16
organista,,Organista,,1,,5/14/2024 2:16
orjuela,,Orjuela,,1,,5/14/2024 2:16
ormeño,,Ormeño,,1,,5/14/2024 2:16
oropeza,,Oropeza,,1,,5/14/2024 2:16
orozco,,Orozco,,1,,5/14/2024 2:16
orrantia,,Orrantia,,1,,5/14/2024 2:16
orrego,,Orrego,,1,,5/14/2024 2:16
ortega,,Ortega,,1,,5/14/2024 2:16
ortegon,,Ortegon,,1,,5/14/2024 2:16
ortez,,Ortez,,1,,5/14/2024 2:16
ortigoza,,Ortigoza,,1,,5/14/2024 2:16
ortiz,,Ortiz,,1,,5/14/2024 2:16
oseguera,,Oseguera,,1,,5/14/2024 2:16
osorio,,Osorio,,1,,5/14/2024 2:16
ostos,,Ostos,,1,,5/14/2024 2:16
osuna,,Osuna,,1,,5/14/2024 2:16
otero,,Otero,,1,,5/14/2024 2:16
ozuna,,Ozuna,,1,,5/14/2024 2:16
pabón,,Pabón,,1,,5/14/2024 2:16
pacheco,,Pacheco,,1,,5/14/2024 2:16
padilla,,Padilla,,1,,5/14/2024 2:16
padín,,Padín,,1,,5/14/2024 2:16
palacios,,Palacios,,1,,5/14/2024 2:16
palafox,,Palafox,,1,,5/14/2024 2:16
palazuelos,,Palazuelos,,1,,5/14/2024 2:16
palencia,,Palencia,,1,,5/14/2024 2:16
pallares,,Pallares,,1,,5/14/2024 2:16
palma,,Palma,,1,,5/14/2024 2:16
palmeiro,,Palmeiro,,1,,5/14/2024 2:16
palomino,,Palomino,,1,,5/14/2024 2:16
palomo,,Palomo,,1,,5/14/2024 2:16
panelo,,Panelo,,1,,5/14/2024 2:16
pantoja,,Pantoja,,1,,5/14/2024 2:16
paradel a,,Paradel a,,1,,5/14/2024 2:16
pardo,,Pardo,,1,,5/14/2024 2:16
paredes,,Paredes,,1,,5/14/2024 2:16
parejo,,Parejo,,1,,5/14/2024 2:16
parra,,Parra,,1,,5/14/2024 2:16
partida,,Partida,,1,,5/14/2024 2:16
pascual,,Pascual,,1,,5/14/2024 2:16
pastor,,Pastor,,1,,5/14/2024 2:16
pastrana,,Pastrana,,1,,5/14/2024 2:16
pavez,,Pavez,,1,,5/14/2024 2:16
pavía,,Pavía,,1,,5/14/2024 2:16
paz,,Paz,,1,,5/14/2024 2:16
pazmiño,,Pazmiño,,1,,5/14/2024 2:16
pedraza,,Pedraza,,1,,5/14/2024 2:16
pedroche,,Pedroche,,1,,5/14/2024 2:16
peguero,,Peguero,,1,,5/14/2024 2:16
peinado,,Peinado,,1,,5/14/2024 2:16
peláez,,Peláez,,1,,5/14/2024 2:16
peña,,Peña,,1,,5/14/2024 2:16
penagos,,Penagos,,1,,5/14/2024 2:16
peñailillo,,Peñailillo,,1,,5/14/2024 2:16
penalva,,Penalva,,1,,5/14/2024 2:16
peñate,,Peñate,,1,,5/14/2024 2:16
peralta,,Peralta,,1,,5/14/2024 2:16
perarnau,,Perarnau,,1,,5/14/2024 2:16
peraza,,Peraza,,1,,5/14/2024 2:16
perdomo,,Perdomo,,1,,5/14/2024 2:16
perea,,Perea,,1,,5/14/2024 2:16
pereira,,Pereira,,1,,5/14/2024 2:16
pereyra,,Pereyra,,1,,5/14/2024 2:16
perez,,Perez,,1,,5/14/2024 2:16
pérez,,Pérez,,1,,5/14/2024 2:16
perlaza,,Perlaza,,1,,5/14/2024 2:16
perroni,,Perroni,,1,,5/14/2024 2:16
pesqueira,,Pesqueira,,1,,5/14/2024 2:16
pestano,,Pestano,,1,,5/14/2024 2:16
pezo,,Pezo,,1,,5/14/2024 2:16
picallo,,Picallo,,1,,5/14/2024 2:16
picazo,,Picazo,,1,,5/14/2024 2:16
pichardo,,Pichardo,,1,,5/14/2024 2:16
piera,,Piera,,1,,5/14/2024 2:16
pilar,,Pilar,,1,,5/14/2024 2:16
pimentel,,Pimentel,,1,,5/14/2024 2:16
pina,,Pina,,1,,5/14/2024 2:16
piña,,Piña,,1,,5/14/2024 2:16
pineda,,Pineda,,1,,5/14/2024 2:16
piñera,,Piñera,,1,,5/14/2024 2:16
pinheiro,,Pinheiro,,1,,5/14/2024 2:16
pinho,,Pinho,,1,,5/14/2024 2:16
pinto,,Pinto,,1,,5/14/2024 2:16
piquer,,Piquer,,1,,5/14/2024 2:16
pires,,Pires,,1,,5/14/2024 2:16
pizano,,Pizano,,1,,5/14/2024 2:16
platero,,Platero,,1,,5/14/2024 2:16
plaza,,Plaza,,1,,5/14/2024 2:16
polaco,,Polaco,,1,,5/14/2024 2:16
polanco,,Polanco,,1,,5/14/2024 2:16
poleo,,Poleo,,1,,5/14/2024 2:16
polo,,Polo,,1,,5/14/2024 2:16
ponce,,Ponce,,1,,5/14/2024 2:16
porcel,,Porcel,,1,,5/14/2024 2:16
porras,,Porras,,1,,5/14/2024 2:16
portal,,Portal,,1,,5/14/2024 2:16
portela,,Portela,,1,,5/14/2024 2:16
portillo,,Portillo,,1,,5/14/2024 2:16
posada,,Posada,,1,,5/14/2024 2:16
postigo,,Postigo,,1,,5/14/2024 2:16
poveda,,Poveda,,1,,5/14/2024 2:16
pozo,,Pozo,,1,,5/14/2024 2:16
pozuelo,,Pozuelo,,1,,5/14/2024 2:16
pradera,,Pradera,,1,,5/14/2024 2:16
prado,,Prado,,1,,5/14/2024 2:16
preciado,,Preciado,,1,,5/14/2024 2:16
prieto,,Prieto,,1,,5/14/2024 2:16
principe,,Principe,,1,,5/14/2024 2:16
puchades,,Puchades,,1,,5/14/2024 2:16
puerta,,Puerta,,1,,5/14/2024 2:16
pulido,,Pulido,,1,,5/14/2024 2:16
punto,,Punto,,1,,5/14/2024 2:16
purita,,Purita,,1,,5/14/2024 2:16
quesada,,Quesada,,1,,5/14/2024 2:16
quevedo,,Quevedo,,1,,5/14/2024 2:16
quezada,,Quezada,,1,,5/14/2024 2:16
quijada,,Quijada,,1,,5/14/2024 2:16
quijano,,Quijano,,1,,5/14/2024 2:16
quiles,,Quiles,,1,,5/14/2024 2:16
quinones,,Quinones,,1,,5/14/2024 2:16
quiñones,,Quiñones,,1,,5/14/2024 2:16
quiñónez,,Quiñónez,,1,,5/14/2024 2:16
quintana,,Quintana,,1,,5/14/2024 2:16
quintanilla,,Quintanilla,,1,,5/14/2024 2:16
quintero,,Quintero,,1,,5/14/2024 2:16
quiroga,,Quiroga,,1,,5/14/2024 2:16
quirós,,Quirós,,1,,5/14/2024 2:16
quiroz,,Quiroz,,1,,5/14/2024 2:16
quixada,,Quixada,,1,,5/14/2024 2:16
quixano,,Quixano,,1,,5/14/2024 2:16
rada,,Rada,,1,,5/14/2024 2:16
ramires,,Ramires,,1,,5/14/2024 2:16
ramirez,,Ramirez,,1,,5/14/2024 2:16
ramírez,,Ramírez,,1,,5/14/2024 2:16
ramiro,,Ramiro,,1,,5/14/2024 2:16
ramon,,Ramon,,1,,5/14/2024 2:16
ramón,,Ramón,,1,,5/14/2024 2:16
ramos,,Ramos,,1,,5/14/2024 2:16
rana,,Rana,,1,,5/14/2024 2:16
raña,,Raña,,1,,5/14/2024 2:16
rangel,,Rangel,,1,,5/14/2024 2:16
rascon,,Rascon,,1,,5/14/2024 2:16
razo,,Razo,,1,,5/14/2024 2:16
razon,,Razon,,1,,5/14/2024 2:16
redondo,,Redondo,,1,,5/14/2024 2:16
reina,,Reina,,1,,5/14/2024 2:16
relucio,,Relucio,,1,,5/14/2024 2:16
rendon,,Rendon,,1,,5/14/2024 2:16
rendón,,Rendón,,1,,5/14/2024 2:16
renteria,,Renteria,,1,,5/14/2024 2:16
reséndiz,,Reséndiz,,1,,5/14/2024 2:16
restrepo,,Restrepo,,1,,5/14/2024 2:16
rey,,Rey,,1,,5/14/2024 2:16
reyes,,Reyes,,1,,5/14/2024 2:16
reyna,,Reyna,,1,,5/14/2024 2:16
riba,,Riba,,1,,5/14/2024 2:16
ribeiro,,Ribeiro,,1,,5/14/2024 2:16
rico,,Rico,,1,,5/14/2024 2:16
rincon,,Rincon,,1,,5/14/2024 2:16
rios,,Rios,,1,,5/14/2024 2:16
ríos,,Ríos,,1,,5/14/2024 2:16
risco,,Risco,,1,,5/14/2024 2:16
rivas,,Rivas,,1,,5/14/2024 2:16
rivera,,Rivera,,1,,5/14/2024 2:16
rivero,,Rivero,,1,,5/14/2024 2:16
riveros,,Riveros,,1,,5/14/2024 2:16
robaina,,Robaina,,1,,5/14/2024 2:16
robledo,,Robledo,,1,,5/14/2024 2:16
robles,,Robles,,1,,5/14/2024 2:16
robredo,,Robredo,,1,,5/14/2024 2:16
rocha,,Rocha,,1,,5/14/2024 2:16
rodallega,,Rodallega,,1,,5/14/2024 2:16
rodas,,Rodas,,1,,5/14/2024 2:16
rodrigo,,Rodrigo,,1,,5/14/2024 2:16
rodrigues,,Rodrigues,,1,,5/14/2024 2:16
rodriguez,,Rodriguez,,1,,5/14/2024 2:16
rodríguez,,Rodríguez,,1,,5/14/2024 2:16
rodriquez,,Rodriquez,,1,,5/14/2024 2:16
rodulfo,,Rodulfo,,1,,5/14/2024 2:16
rojas,,Rojas,,1,,5/14/2024 2:16
rojo,,Rojo,,1,,5/14/2024 2:16
roldán,,Roldán,,1,,5/14/2024 2:16
roman,,Roman,,1,,5/14/2024 2:16
román,,Román,,1,,5/14/2024 2:16
romaña,,Romaña,,1,,5/14/2024 2:16
romao,,Romao,,1,,5/14/2024 2:16
romão,,Romão,,1,,5/14/2024 2:16
romero,,Romero,,1,,5/14/2024 2:16
romo,,Romo,,1,,5/14/2024 2:16
ronquillo,,Ronquillo,,1,,5/14/2024 2:16
roque,,Roque,,1,,5/14/2024 2:16
rosa,,Rosa,,1,,5/14/2024 2:16
rosado,,Rosado,,1,,5/14/2024 2:16
rosaldo,,Rosaldo,,1,,5/14/2024 2:16
rosales,,Rosales,,1,,5/14/2024 2:16
rosario,,Rosario,,1,,5/14/2024 2:16
rosário,,Rosário,,1,,5/14/2024 2:16
rosas,,Rosas,,1,,5/14/2024 2:16
rosende,,Rosende,,1,,5/14/2024 2:16
royo,,Royo,,1,,5/14/2024 2:16
ruanova,,Ruanova,,1,,5/14/2024 2:16
rubiera,,Rubiera,,1,,5/14/2024 2:16
rubio,,Rubio,,1,,5/14/2024 2:16
rueda,,Rueda,,1,,5/14/2024 2:16
ruidíaz,,Ruidíaz,,1,,5/14/2024 2:16
ruiz,,Ruiz,,1,,5/14/2024 2:16
rullán,,Rullán,,1,,5/14/2024 2:16
ruvalcaba,,Ruvalcaba,,1,,5/14/2024 2:16
sá,,Sá,,1,,5/14/2024 2:16
saavedra,,Saavedra,,1,,5/14/2024 2:16
sacasa,,Sacasa,,1,,5/14/2024 2:16
saenz,,Saenz,,1,,5/14/2024 2:16
sáez,,Sáez,,1,,5/14/2024 2:16
saguier,,Saguier,,1,,5/14/2024 2:16
sainz,,Sainz,,1,,5/14/2024 2:16
saiz,,Saiz,,1,,5/14/2024 2:16
sala,,Sala,,1,,5/14/2024 2:16
salamanca,,Salamanca,,1,,5/14/2024 2:16
salas,,Salas,,1,,5/14/2024 2:16
salazar,,Salazar,,1,,5/14/2024 2:16
salcedo,,Salcedo,,1,,5/14/2024 2:16
salcido,,Salcido,,1,,5/14/2024 2:16
saldana,,Saldana,,1,,5/14/2024 2:16
saldaña,,Saldaña,,1,,5/14/2024 2:16
sales,,Sales,,1,,5/14/2024 2:16
salgado,,Salgado,,1,,5/14/2024 2:16
salguero,,Salguero,,1,,5/14/2024 2:16
salinas,,Salinas,,1,,5/14/2024 2:16
salvador,,Salvador,,1,,5/14/2024 2:16
salvatierra,,Salvatierra,,1,,5/14/2024 2:16
samaniego,,Samaniego,,1,,5/14/2024 2:16
san nicolás,,San Nicolás,,1,,5/14/2024 2:16
san roman,,San Roman,,1,,5/14/2024 2:16
sanabria,,Sanabria,,1,,5/14/2024 2:16
sanches,,Sanches,,1,,5/14/2024 2:16
sanchez,,Sanchez,,1,,5/14/2024 2:16
sánchez,,Sánchez,,1,,5/14/2024 2:16
sancho,,Sancho,,1,,5/14/2024 2:16
sandoval,,Sandoval,,1,,5/14/2024 2:16
sanhueza,,Sanhueza,,1,,5/14/2024 2:16
santa cruz,,Santa Cruz,,1,,5/14/2024 2:16
santacruz,,Santacruz,,1,,5/14/2024 2:16
santana,,Santana,,1,,5/14/2024 2:16
santayana,,Santayana,,1,,5/14/2024 2:16
santiago,,Santiago,,1,,5/14/2024 2:16
santillan,,Santillan,,1,,5/14/2024 2:16
santillán,,Santillán,,1,,5/14/2024 2:16
santisteban,,Santisteban,,1,,5/14/2024 2:16
santos,,Santos,,1,,5/14/2024 2:16
santoyo,,Santoyo,,1,,5/14/2024 2:16
sanz,,Sanz,,1,,5/14/2024 2:16
sarmiento,,Sarmiento,,1,,5/14/2024 2:16
sastre,,Sastre,,1,,5/14/2024 2:16
sauceda,,Sauceda,,1,,5/14/2024 2:16
saucedo,,Saucedo,,1,,5/14/2024 2:16
sedeño,,Sedeño,,1,,5/14/2024 2:16
segovia,,Segovia,,1,,5/14/2024 2:16
seguel,,Seguel,,1,,5/14/2024 2:16
segura,,Segura,,1,,5/14/2024 2:16
seminario,,Seminario,,1,,5/14/2024 2:16
sepulveda,,Sepulveda,,1,,5/14/2024 2:16
sepúlveda,,Sepúlveda,,1,,5/14/2024 2:16
serafim,,Serafim,,1,,5/14/2024 2:16
serna,,Serna,,1,,5/14/2024 2:16
serra,,Serra,,1,,5/14/2024 2:16
serrano,,Serrano,,1,,5/14/2024 2:16
sevilla,,Sevilla,,1,,5/14/2024 2:16
sierra,,Sierra,,1,,5/14/2024 2:16
silva,,Silva,,1,,5/14/2024 2:16
silveira,,Silveira,,1,,5/14/2024 2:16
silvestre,,Silvestre,,1,,5/14/2024 2:16
silveyra,,Silveyra,,1,,5/14/2024 2:16
simarro,,Simarro,,1,,5/14/2024 2:16
simoes,,Simoes,,1,,5/14/2024 2:16
simões,,Simões,,1,,5/14/2024 2:16
simón,,Simón,,1,,5/14/2024 2:16
sinaloa,,Sinaloa,,1,,5/14/2024 2:16
siqueiros,,Siqueiros,,1,,5/14/2024 2:16
soares,,Soares,,1,,5/14/2024 2:16
sobalvarro,,Sobalvarro,,1,,5/14/2024 2:16
solalinde,,Solalinde,,1,,5/14/2024 2:16
solana,,Solana,,1,,5/14/2024 2:16
solanas,,Solanas,,1,,5/14/2024 2:16
solano,,Solano,,1,,5/14/2024 2:16
soldado,,Soldado,,1,,5/14/2024 2:16
soliño,,Soliño,,1,,5/14/2024 2:16
solis,,Solis,,1,,5/14/2024 2:16
solís,,Solís,,1,,5/14/2024 2:16
soltero,,Soltero,,1,,5/14/2024 2:16
soriano,,Soriano,,1,,5/14/2024 2:16
sosa,,Sosa,,1,,5/14/2024 2:16
soteldo,,Soteldo,,1,,5/14/2024 2:16
soto,,Soto,,1,,5/14/2024 2:16
sotomayor,,Sotomayor,,1,,5/14/2024 2:16
sousa,,Sousa,,1,,5/14/2024 2:16
souza,,Souza,,1,,5/14/2024 2:16
suarez,,Suarez,,1,,5/14/2024 2:16
suárez,,Suárez,,1,,5/14/2024 2:16
suero,,Suero,,1,,5/14/2024 2:16
tabernero,,Tabernero,,1,,5/14/2024 2:16
tábora,,Tábora,,1,,5/14/2024 2:16
tagle,,Tagle,,1,,5/14/2024 2:16
talamantes,,Talamantes,,1,,5/14/2024 2:16
talavera,,Talavera,,1,,5/14/2024 2:16
tamayo,,Tamayo,,1,,5/14/2024 2:16
tapia,,Tapia,,1,,5/14/2024 2:16
tarin,,Tarin,,1,,5/14/2024 2:16
tatís,,Tatís,,1,,5/14/2024 2:16
tato,,Tato,,1,,5/14/2024 2:16
tavares,,Tavares,,1,,5/14/2024 2:16
tavárez,,Tavárez,,1,,5/14/2024 2:16
taveras,,Taveras,,1,,5/14/2024 2:16
teixeira,,Teixeira,,1,,5/14/2024 2:16
tejada,,Tejada,,1,,5/14/2024 2:16
tejedor,,Tejedor,,1,,5/14/2024 2:16
tejera,,Tejera,,1,,5/14/2024 2:16
telleria,,Telleria,,1,,5/14/2024 2:16
tellez,,Tellez,,1,,5/14/2024 2:16
téllez,,Téllez,,1,,5/14/2024 2:16
teodoro,,Teodoro,,1,,5/14/2024 2:16
teran,,Teran,,1,,5/14/2024 2:16
terrazas,,Terrazas,,1,,5/14/2024 2:16
tinoco,,Tinoco,,1,,5/14/2024 2:16
tobar,,Tobar,,1,,5/14/2024 2:16
tobón,,Tobón,,1,,5/14/2024 2:16
todero,,Todero,,1,,5/14/2024 2:16
toledano,,Toledano,,1,,5/14/2024 2:16
toledo,,Toledo,,1,,5/14/2024 2:16
tomás,,Tomás,,1,,5/14/2024 2:16
topete,,Topete,,1,,5/14/2024 2:16
torales,,Torales,,1,,5/14/2024 2:16
toro,,Toro,,1,,5/14/2024 2:16
torrado,,Torrado,,1,,5/14/2024 2:16
torralba,,Torralba,,1,,5/14/2024 2:16
torre,,Torre,,1,,5/14/2024 2:16
torregrosa,,Torregrosa,,1,,5/14/2024 2:16
torres,,Torres,,1,,5/14/2024 2:16
tos,,Tos,,1,,5/14/2024 2:16
tovar,,Tovar,,1,,5/14/2024 2:16
travieso,,Travieso,,1,,5/14/2024 2:16
trejo,,Trejo,,1,,5/14/2024 2:16
trevino,,Trevino,,1,,5/14/2024 2:16
treviño,,Treviño,,1,,5/14/2024 2:16
triana,,Triana,,1,,5/14/2024 2:16
trinidad,,Trinidad,,1,,5/14/2024 2:16
tristan,,Tristan,,1,,5/14/2024 2:16
truan,,Truan,,1,,5/14/2024 2:16
trueba,,Trueba,,1,,5/14/2024 2:16
trujillo,,Trujillo,,1,,5/14/2024 2:16
ubeda,,Ubeda,,1,,5/14/2024 2:16
ureña,,Ureña,,1,,5/14/2024 2:16
urías,,Urías,,1,,5/14/2024 2:16
urrea,,Urrea,,1,,5/14/2024 2:16
vaamonde,,Vaamonde,,1,,5/14/2024 2:16
vaca,,Vaca,,1,,5/14/2024 2:16
valbuena,,Valbuena,,1,,5/14/2024 2:16
valderrama,,Valderrama,,1,,5/14/2024 2:16
valdés,,Valdés,,1,,5/14/2024 2:16
valdez,,Valdez,,1,,5/14/2024 2:16
valdivieso,,Valdivieso,,1,,5/14/2024 2:16
vale,,Vale,,1,,5/14/2024 2:16
valencia,,Valencia,,1,,5/14/2024 2:16
valenciano,,Valenciano,,1,,5/14/2024 2:16
valentin,,Valentin,,1,,5/14/2024 2:16
valenzuela,,Valenzuela,,1,,5/14/2024 2:16
valerio,,Valerio,,1,,5/14/2024 2:16
valero,,Valero,,1,,5/14/2024 2:16
valiente,,Valiente,,1,,5/14/2024 2:16
valle,,Valle,,1,,5/14/2024 2:16
vallecilla,,Vallecilla,,1,,5/14/2024 2:16
vallejo,,Vallejo,,1,,5/14/2024 2:16
vallejos,,Vallejos,,1,,5/14/2024 2:16
valverde,,Valverde,,1,,5/14/2024 2:16
varela,,Varela,,1,,5/14/2024 2:16
vargas,,Vargas,,1,,5/14/2024 2:16
vasques,,Vasques,,1,,5/14/2024 2:16
vasquez,,Vasquez,,1,,5/14/2024 2:16
vásquez,,Vásquez,,1,,5/14/2024 2:16
vassallo,,Vassallo,,1,,5/14/2024 2:16
vazquez,,Vazquez,,1,,5/14/2024 2:16
vázquez,,Vázquez,,1,,5/14/2024 2:16
vega,,Vega,,1,,5/14/2024 2:16
vela,,Vela,,1,,5/14/2024 2:16
velasco,,Velasco,,1,,5/14/2024 2:16
velasquez,,Velasquez,,1,,5/14/2024 2:16
velásquez,,Velásquez,,1,,5/14/2024 2:16
velazco,,Velazco,,1,,5/14/2024 2:16
velazquez,,Velazquez,,1,,5/14/2024 2:16
velázquez,,Velázquez,,1,,5/14/2024 2:16
velez,,Velez,,1,,5/14/2024 2:16
venegas,,Venegas,,1,,5/14/2024 2:16
ventura,,Ventura,,1,,5/14/2024 2:16
vera,,Vera,,1,,5/14/2024 2:16
veranes,,Veranes,,1,,5/14/2024 2:16
verdasco,,Verdasco,,1,,5/14/2024 2:16
verdugo,,Verdugo,,1,,5/14/2024 2:16
vicario,,Vicario,,1,,5/14/2024 2:16
vicente,,Vicente,,1,,5/14/2024 2:16
vico,,Vico,,1,,5/14/2024 2:16
victorino,,Victorino,,1,,5/14/2024 2:16
vidal,,Vidal,,1,,5/14/2024 2:16
vidrio,,Vidrio,,1,,5/14/2024 2:16
vieira,,Vieira,,1,,5/14/2024 2:16
vigil,,Vigil,,1,,5/14/2024 2:16
vigo,,Vigo,,1,,5/14/2024 2:16
vilana,,Vilana,,1,,5/14/2024 2:16
vilar,,Vilar,,1,,5/14/2024 2:16
villa,,Villa,,1,,5/14/2024 2:16
villaamil,,Villaamil,,1,,5/14/2024 2:16
villacorta,,Villacorta,,1,,5/14/2024 2:16
villagrán,,Villagrán,,1,,5/14/2024 2:16
villagrasa,,Villagrasa,,1,,5/14/2024 2:16
villalba,,Villalba,,1,,5/14/2024 2:16
villalobos,,Villalobos,,1,,5/14/2024 2:16
villamizar,,Villamizar,,1,,5/14/2024 2:16
villanueva,,Villanueva,,1,,5/14/2024 2:16
villar,,Villar,,1,,5/14/2024 2:16
villarreal,,Villarreal,,1,,5/14/2024 2:16
villaseñor,,Villaseñor,,1,,5/14/2024 2:16
villaverde,,Villaverde,,1,,5/14/2024 2:16
villavicencio,,Villavicencio,,1,,5/14/2024 2:16
villegas,,Villegas,,1,,5/14/2024 2:16
villoro,,Villoro,,1,,5/14/2024 2:16
viñals,,Viñals,,1,,5/14/2024 2:16
viniegra,,Viniegra,,1,,5/14/2024 2:16
vinuesa,,Vinuesa,,1,,5/14/2024 2:16
vitela,,Vitela,,1,,5/14/2024 2:16
viteri,,Viteri,,1,,5/14/2024 2:16
vitoria,,Vitoria,,1,,5/14/2024 2:16
vivanco,,Vivanco,,1,,5/14/2024 2:16
vizcarra,,Vizcarra,,1,,5/14/2024 2:16
ximénez,,Ximénez,,1,,5/14/2024 2:16
yagüe,,Yagüe,,1,,5/14/2024 2:16
yanes,,Yanes,,1,,5/14/2024 2:16
yáñez,,Yáñez,,1,,5/14/2024 2:16
ybarra,,Ybarra,,1,,5/14/2024 2:16
yepes,,Yepes,,1,,5/14/2024 2:16
yepez,,Yepez,,1,,5/14/2024 2:16
yñiguez,,Yñiguez,,1,,5/14/2024 2:16
zamanillo,,Zamanillo,,1,,5/14/2024 2:16
zambrano,,Zambrano,,1,,5/14/2024 2:16
zamora,,Zamora,,1,,5/14/2024 2:16
zamorano,,Zamorano,,1,,5/14/2024 2:16
zapata,,Zapata,,1,,5/14/2024 2:16
zapatero,,Zapatero,,1,,5/14/2024 2:16
zavala,,Zavala,,1,,5/14/2024 2:16
zayas,,Zayas,,1,,5/14/2024 2:16
zenteno,,Zenteno,,1,,5/14/2024 2:16
zepeda,,Zepeda,,1,,5/14/2024 2:16
zerpa,,Zerpa,,1,,5/14/2024 2:16
zorrilla,,Zorrilla,,1,,5/14/2024 2:16
zuniga,,Zuniga,,1,,5/14/2024 2:16
